Páginas principales,Clics,Impresiones,CTR,Posición
https://serenfermera.com/caducan-los-homeopaticos/,5,172,2.91%,8.36
https://serenfermera.com/,5,57,8.77%,35.28
https://serenfermera.com/puede-un-fisioterapeuta-ordenar-una-resonancia-magnetica/,4,180,2.22%,8.13
https://serenfermera.com/cuidados-de-enfermeria-oms/,3,241,1.24%,78.9
https://serenfermera.com/usted-pregunto-por-que-eructo-cuando-recibo-un-masaje/,3,224,1.34%,8.55
https://serenfermera.com/puede-la-homeopatia-curar-la-enfermedad-del-higado/,3,48,6.25%,53
https://serenfermera.com/cursos-auxiliar-de-enfermeria-on-line-gratis/,2,162,1.23%,88.04
https://serenfermera.com/puede-ayurveda-curar-el-liquen-plano/,2,121,1.65%,66.01
https://serenfermera.com/principios-eticos-en-enfermeria/,2,112,1.79%,77.35
https://serenfermera.com/enalapril-vademecum-cuidados-de-enfermeria/,2,84,2.38%,10.88
https://serenfermera.com/enfermeria-en-salud-publica-definicion/,2,62,3.23%,65.58
https://serenfermera.com/respuesta-rapida-cual-es-el-significado-de-3x-en-homeopatia/,2,58,3.45%,8.52
https://serenfermera.com/caducan-las-pastillas-homeopaticas/,2,51,3.92%,10.55
https://serenfermera.com/cuanto-gana-un-auxiliar-de-enfermeria-en-italia/,2,44,4.55%,19.95
https://serenfermera.com/pregunta-frecuente-tengo-que-desvestirme-para-el-quiropractico/,2,33,6.06%,10.48
https://serenfermera.com/does-aarp-united-healthcare-cover-massage-therapy/,2,28,7.14%,10.18
https://serenfermera.com/modelo-contrato-auxiliar-de-enfermeria-word/,2,16,12.5%,17
https://serenfermera.com/enfermeria-salud-sexual-i-reproductiva/,2,11,18.18%,24.55
https://serenfermera.com/definicion-de-auxiliar-de-enfermeria-en-guatemala/,2,11,18.18%,34.27
https://serenfermera.com/cuanto-gana-el-fisioterapeuta-al-mes-en-sudafrica/,2,6,33.33%,6.83
https://serenfermera.com/alba-nerin-auxiliar-enfermeria-mutua-terrassa/,2,5,40%,6.2
https://serenfermera.com/marasmo-cuidados-de-enfermeria/,2,4,50%,30.75
https://serenfermera.com/puede-la-homeopatia-curar-el-liquen-plano-oral/,1,184,0.54%,66.82
https://serenfermera.com/pregunta-caducan-las-gotas-homeopaticas/,1,82,1.22%,15.21
https://serenfermera.com/ejemplo-calculo-balance-hidrico-auxiliar-enfermeria/,1,76,1.32%,65.59
https://serenfermera.com/por-que-me-salen-moretones-despues-de-la-acupuntura/,1,72,1.39%,10.85
https://serenfermera.com/cuanto-ganan-los-fisioterapeutas-de-la-nba/,1,69,1.45%,11.72
https://serenfermera.com/pregunta-cuanto-tiempo-duran-las-gotas-homeopaticas/,1,68,1.47%,7.72
https://serenfermera.com/utensilios-de-auxiliar-de-enfermeria/,1,66,1.52%,67.08
https://serenfermera.com/los-fisioterapeutas-usan-estetoscopios/,1,58,1.72%,17.45
https://serenfermera.com/puede-la-homeopatia-tratar-la-presion-arterial-alta/,1,53,1.89%,53.85
https://serenfermera.com/cuantos-pacientes-por-auxiliar-de-enfermeria-en-colombia/,1,50,2%,8.3
https://serenfermera.com/objetos-para-tecnicos-auxiliares-de-enfermeria/,1,50,2%,61.04
https://serenfermera.com/procedimientos-y-tecnicas-basicas-de-enfermeria/,1,50,2%,79.3
https://serenfermera.com/tecnica-saer-enfermeria/,1,47,2.13%,37.57
https://serenfermera.com/you-asked-can-a-physical-therapist-write-a-doctors-note/,1,29,3.45%,25.79
https://serenfermera.com/curso-de-auxiliar-de-enfermeria-cruz-roja-argentina/,1,29,3.45%,52.52
https://serenfermera.com/cuanto-ganan-los-quiropracticos-de-caballos/,1,28,3.57%,8.39
https://serenfermera.com/respuesta-rapida-se-puede-calentar-aceite-de-bebe-para-masajes/,1,26,3.85%,13.42
https://serenfermera.com/por-que-duelen-las-piernas-al-masajearlas/,1,20,5%,10.9
https://serenfermera.com/dias-baja-medica-convenio-auxiliaer-enfermeria/,1,18,5.56%,9.39
https://serenfermera.com/cuanto-gana-un-masajista-equino-al-ano/,1,17,5.88%,8.59
https://serenfermera.com/nefrectomia-cuidados-de-enfermeria-postoperatorios/,1,14,7.14%,66.93
https://serenfermera.com/tecnica-de-notto-enfermeria/,1,13,7.69%,1.85
https://serenfermera.com/puedes-hacerte-acupuntura-tu-mismo/,1,13,7.69%,8.15
https://serenfermera.com/rol-de-la-enfermeria-comunitaria-promocion-salud/,1,13,7.69%,48.23
https://serenfermera.com/repaso-sobre-tecnicas-basicas-de-enfermeria-gratis/,1,13,7.69%,78.54
https://serenfermera.com/cuanto-cobra-una-auxiliar-de-enfermeria-en-holanda7/,1,12,8.33%,23.42
https://serenfermera.com/auxiliar-de-enfermeria-no-puede-llevar-piercing/,1,11,9.09%,9.45
https://serenfermera.com/que-es-mejor-terapia-ocupacional-o-fisioterapia/,1,11,9.09%,30.82
https://serenfermera.com/auxiliar-de-enfermeria-en-dubai/,1,11,9.09%,40.73
https://serenfermera.com/pros-y-contras-farmaceuticos/,1,10,10%,33
https://serenfermera.com/metodo-kap-educacion-para-la-salud-enfermeria/,1,9,11.11%,7.78
https://serenfermera.com/cuidados-de-enfermeria-en-el-servicio-de-ginecologia/,1,9,11.11%,21.33
https://serenfermera.com/cuanto-cobra-un-auxiliar-de-enfermeria-en-irlanda/,1,9,11.11%,32
https://serenfermera.com/evisceracion-cuidados-de-enfermeria/,1,8,12.5%,8.88
https://serenfermera.com/curso-de-auxiliar-de-enfermeria-gratis-chile/,1,8,12.5%,61.12
https://serenfermera.com/grandes-ideas-de-regalos-para-enfermeras-estudiantes-de-enfermeria-e-instructores-de-enfermeria-2/,1,7,14.29%,49.86
https://serenfermera.com/cuanto-gana-un-fisioterapeuta-deportivo/,1,6,16.67%,21.17
https://serenfermera.com/pregunta-que-especialidad-de-fisioterapia-paga-mas/,1,6,16.67%,47.67
https://serenfermera.com/cursos-de-especializacion-para-tecnicos-en-enfermeria-peru/,1,6,16.67%,48.67
https://serenfermera.com/cuidados-de-enfermeria-en-pacientes-ostomizados/,1,6,16.67%,58.5
https://serenfermera.com/losartan-potasico-cuidados-de-enfermeria/,1,5,20%,46.2
https://serenfermera.com/cuidados-de-enfermeria-en-alteraciones-hematologicas/,1,4,25%,37.75
https://serenfermera.com/kit-auxiliar-de-enfermeria/,1,4,25%,39.5
https://serenfermera.com/trastornos-del-ritmo-cardiaco-cuidados-de-enfermeria/,1,4,25%,71
https://serenfermera.com/como-puedo-acceder-a-auxiliar-de-enfermeria-con-un-certificado/,1,4,25%,79
https://serenfermera.com/resumen-evolucion-historica-del-tecnico-en-cuidados-auxiliares-de-enfermeria/,1,3,33.33%,8
https://serenfermera.com/derechos-y-obligaciones-de-auxiliar-de-enfermeria/,1,3,33.33%,29.33
https://serenfermera.com/puede-la-homeopatia-curar-la-miopia/,1,3,33.33%,36
https://serenfermera.com/rol-del-tecnico-de-enfermeria-en-la-consulta-odontologica/,1,2,50%,2.5
https://serenfermera.com/hernia-de-hiato-cuidados-de-enfermeria/,1,2,50%,7.5
https://serenfermera.com/cuidados-de-enfermeria-paciente-con-gastritis/,1,2,50%,10.5
https://serenfermera.com/diabetes-infantil-cuidados-de-enfermeria/,1,2,50%,28.5
https://serenfermera.com/tu-pregunta-es-bueno-el-tratamiento-con-homeopatia-para-las-fisuras/,1,2,50%,41.5
https://serenfermera.com/valoracion-y-cuidados-de-enfermeria-en-la-adolescencia-cto/,1,2,50%,45.5
https://serenfermera.com/cuidados-de-enfermeria-edema-pulmonar/,1,1,100%,2
https://serenfermera.com/pueden-los-quiropracticos-facturar-codigos-de-evaluacion-y-gestion/,1,1,100%,7
https://serenfermera.com/respuestas-actualizacion-paara-enfermeria-y-salud-mental-3a-edicion/,1,1,100%,7
https://serenfermera.com/auxiliar-de-enfermeria-diass-x-defuncion/,1,1,100%,25
https://serenfermera.com/cuidados-a-familiares-enfermeria/,1,1,100%,31
https://serenfermera.com/cuidados-de-enfermeria-en-las-posiciones-quirurgicas/,1,1,100%,106
https://serenfermera.com/ingles-tecnico-enfermeria/,1,1,100%,120
https://serenfermera.com/10-mejores-estetoscopios-para-enfermeras/,0,281,0%,70.4
https://serenfermera.com/auxiliar-enfermeria-cruz-roja-curso-distancia/,0,276,0%,68.76
https://serenfermera.com/por-que-los-fisioterapeutas-usan-estetoscopios/,0,137,0%,8.86
https://serenfermera.com/como-se-abrevia-auxiliar-de-enfermeria/,0,108,0%,16.34
https://serenfermera.com/7-mejores-estetoscopios-de-enfermeria/,0,104,0%,83.54
https://serenfermera.com/estudiar-auxiliar-enfermeria-barvelona/,0,92,0%,73.22
https://serenfermera.com/quick-answer-can-i-return-a-gift-card-to-massage-envy/,0,91,0%,56.24
https://serenfermera.com/puedo-ir-al-gimnasio-despues-de-la-acupuntura/,0,82,0%,8.3
https://serenfermera.com/que-son-los-cuidados-integrales-de-enfermeria/,0,76,0%,81.24
https://serenfermera.com/cualidades-y-actitudes-que-debe-tener-un-auxiliar-de-enfermeria/,0,76,0%,87.55
https://serenfermera.com/respuesta-rapida-las-agujas-de-acupuntura-son-desechables/,0,74,0%,9.47
https://serenfermera.com/plan-de-cuidados-enfermeria-ejemplopaso-a-paso/,0,74,0%,82.54
https://serenfermera.com/eventos-y-conferencias/,0,74,0%,85.7
https://serenfermera.com/modelo-carta-de-presentacion-auxiliar-de-enfermeria-en-espanol/,0,68,0%,64.5
https://serenfermera.com/productos-para-enfermeras/,0,68,0%,77
https://serenfermera.com/etapas-del-plan-de-cuidados-de-enfermeria-place/,0,66,0%,81.94
https://serenfermera.com/usted-pregunto-que-hace-el-masaje-carotideo/,0,65,0%,59.06
https://serenfermera.com/cateter-venoso-central-cuidados-de-enfermeria-uc/,0,61,0%,88.13
https://serenfermera.com/pregunta-frecuente-quien-gana-mas-dinero-fisioterapeuta-o-quiropractico/,0,60,0%,11.67
https://serenfermera.com/mas-de-25-chistes-de-enfermeras-que-haran-rodar-a-sus-amigos-enfermeros/,0,60,0%,57.88
https://serenfermera.com/how-long-should-you-not-eat-before-a-massage/,0,59,0%,76.68
https://serenfermera.com/cuidados-de-enfermeria-post-apendicectomia/,0,59,0%,85.66
https://serenfermera.com/metaparadigma-de-enfermeria-cuidado/,0,57,0%,78.26
https://serenfermera.com/cuanto-ganan-los-quiropracticos-por-visita/,0,47,0%,41.6
https://serenfermera.com/paracentesis-abdominal-cuidados-de-enfermeria/,0,46,0%,85
https://serenfermera.com/funciones-de-auxiliar-de-enfermeria-en-un-colegio/,0,45,0%,87.69
https://serenfermera.com/tipos-de-especialidades-de-enfermeria-practicante/,0,45,0%,91.62
https://serenfermera.com/cuanto-tiempo-debe-usar-el-masajeador-electrico/,0,44,0%,9.25
https://serenfermera.com/cursos-auxiliar-de-enfermeria-puntuables-gratis/,0,44,0%,91.02
https://serenfermera.com/estudiar-auxiliar-de-enfermeria-cuantos-anos-espana/,0,43,0%,48.16
https://serenfermera.com/what-are-the-advancement-opportunities-for-a-physical-therapist/,0,42,0%,83.86
https://serenfermera.com/leininger-enfermeria-que-es-cuidar/,0,41,0%,63.44
https://serenfermera.com/que-son-los-planes-de-cuidados-de-enfermeria/,0,41,0%,83.05
https://serenfermera.com/cuanto-dinero-gana-la-quiropractica/,0,40,0%,25.62
https://serenfermera.com/cuales-son-algunas-preguntas-para-hacerle-a-un-fisioterapeuta/,0,40,0%,73.55
https://serenfermera.com/tiroidectomia-total-cuidados-de-enfermeria/,0,40,0%,78.3
https://serenfermera.com/cuanto-ganan-los-fisioterapeutas-en-nueva-zelanda/,0,38,0%,8.29
https://serenfermera.com/mejor-respuesta-puede-un-quiropractico-arreglar-el-jorobado/,0,38,0%,61.21
https://serenfermera.com/frases-famosas-dw-enfermeria-sobre-cuidados/,0,37,0%,17.03
https://serenfermera.com/recursos-para-enfermeras/,0,36,0%,79.36
https://serenfermera.com/auxiliar-de-enfermeria-en-clinica-dental/,0,36,0%,85.11
https://serenfermera.com/rol-del-tecnico-de-enfermeria-en-emergencia/,0,34,0%,95.21
https://serenfermera.com/cual-es-la-diferencia-entre-fisioterapia-y-terapia-ocupacional/,0,33,0%,67.94
https://serenfermera.com/cuidados-de-enfermeria-en-paciente-con-colostomia/,0,32,0%,84.06
https://serenfermera.com/cursos-online-gratis-auxiliar-enfermeria-impo/,0,32,0%,93.5
https://serenfermera.com/es-bueno-el-tratamiento-de-homeopatia-para-el-acne/,0,31,0%,73.32
https://serenfermera.com/auxiliar-de-enfermeria-que-hace-en-ecuador/,0,31,0%,73.35
https://serenfermera.com/salario-auxiliar-enfermeria-osakidetza/,0,30,0%,50.4
https://serenfermera.com/que-significa-talones-agrietados-en-reflexologia/,0,29,0%,7.62
https://serenfermera.com/labor-de-enfermeria-en-salud-mental/,0,29,0%,83.17
https://serenfermera.com/que-significa-necesidad-de-cuidados-en-enfermeria/,0,29,0%,87
https://serenfermera.com/cuidados-directos-e-indirectos-de-enfermeria/,0,28,0%,11.25
https://serenfermera.com/cual-es-la-abreviatura-de-doctor-en-quiropractica/,0,28,0%,35.61
https://serenfermera.com/carta-de-presentacion-de-auxiliar-de-enfermeria-para-uci-neonatal/,0,28,0%,47.68
https://serenfermera.com/mejor-respuesta-por-que-me-duele-tanto-despues-del-quiropractico/,0,28,0%,76.25
https://serenfermera.com/materiales-para-las-tecnicas-y-procedimiento-de-enfermeria/,0,28,0%,84.29
https://serenfermera.com/importancia-de-la-promocion-de-la-salud-en-enfermeria/,0,27,0%,13.93
https://serenfermera.com/deberia-tener-moretones-despues-de-un-masaje/,0,27,0%,73.22
https://serenfermera.com/catalogo-de-plan-de-cuidados-de-enfermeria/,0,27,0%,91.81
https://serenfermera.com/auxiliar-enfermeria-especialidad-cex/,0,26,0%,6.5
https://serenfermera.com/cursos-medicarama-auxiliar-de-enfermeria-grais/,0,26,0%,52.5
https://serenfermera.com/hidralazina-vademecum-cuidados-de-enfermeria/,0,26,0%,72.69
https://serenfermera.com/salud-informatica-y-tecnologia/,0,26,0%,96.58
https://serenfermera.com/usted-pregunto-se-puede-llevar-un-masajeador-personal-en-un-avion/,0,25,0%,10.68
https://serenfermera.com/curso-logoss-cuidados-paliativos-para-enfermeria-creditos/,0,25,0%,55.28
https://serenfermera.com/cuidados-de-enfermeria-en-geriatria-y-gerontologia/,0,25,0%,80.76
https://serenfermera.com/medicamento-nitroglicerina-cuidados-de-enfermeria/,0,25,0%,82.52
https://serenfermera.com/responsabilidad-profesional-y-tecnica-en-enfermeria/,0,25,0%,85.48
https://serenfermera.com/por-que-nerds-hace-a-las-mejores-enfermeras/,0,24,0%,9.29
https://serenfermera.com/los-masajes-queman-calorias/,0,24,0%,9.5
https://serenfermera.com/cual-es-la-diferencia-entre-un-naturopata-y-un-medico-de-medicina-funcional/,0,24,0%,39.33
https://serenfermera.com/cuanto-gana-un-auxiliar-de-enfermeria-en-chile/,0,24,0%,62.67
https://serenfermera.com/posiciones-quirurgicas-cuidados-de-enfermeria-y-prevencion-de-complicaciones/,0,24,0%,73.08
https://serenfermera.com/puedes-salir-moretones-despues-de-un-masaje-deportivo/,0,24,0%,88.88
https://serenfermera.com/hora-trabajadas-al-ano-convenio-auxiliar-de-enfermeria/,0,22,0%,9.59
https://serenfermera.com/auxiliar-de-enfermeria-guayaquil/,0,22,0%,84.14
https://serenfermera.com/que-son-las-habilidades-tecnicas-en-enfermeria/,0,22,0%,90.41
https://serenfermera.com/escuela-auxiliar-de-enfermeria-manizales-palermo/,0,21,0%,22.43
https://serenfermera.com/veracidad-en-la-enfermeria/,0,21,0%,29.33
https://serenfermera.com/se-puede-correr-despues-del-ajuste-quiropractico/,0,21,0%,34.1
https://serenfermera.com/preoperatorio-mediato-cuidados-de-enfermeria/,0,21,0%,74.57
https://serenfermera.com/los-diabeticos-pueden-recibir-masajes/,0,20,0%,14.8
https://serenfermera.com/modelo-carta-de-presentacion-espontanea-auxiliar-de-enfermeria/,0,20,0%,15.25
https://serenfermera.com/es-normal-tener-un-moreton-despues-de-la-acupuntura/,0,20,0%,17.65
https://serenfermera.com/poster-de-congreso-de-tecnicos-auxiliar-enfermeria/,0,20,0%,68.75
https://serenfermera.com/nclex/,0,20,0%,68.85
https://serenfermera.com/cisatracurio-cuidados-de-enfermeria/,0,19,0%,6.95
https://serenfermera.com/usted-pregunto-un-fisioterapeuta-gana-mas-que-una-enfermera/,0,19,0%,11.95
https://serenfermera.com/auxiliar-de-enfermeria-colombia/,0,19,0%,54.16
https://serenfermera.com/absceso-cuidados-de-enfermeria/,0,19,0%,62.47
https://serenfermera.com/cuales-son-buenas-preguntas-para-hacerle-a-un-fisioterapeuta/,0,19,0%,76.74
https://serenfermera.com/22-regalos-personalizados-para-enfermeras/,0,19,0%,82.95
https://serenfermera.com/cursos-acreditados-gratuitos-auxiliar-de-enfermeria/,0,19,0%,84.89
https://serenfermera.com/cuantas-horas-despues-del-masaje-puedo-banarme/,0,18,0%,9.83
https://serenfermera.com/pregunta-frecuente-que-es-un-nutricionista-naturista/,0,18,0%,16.06
https://serenfermera.com/mejor-respuesta-se-puede-contraer-la-sifilis-por-un-masaje/,0,18,0%,21.56
https://serenfermera.com/tecnico-en-enfermeria-el-salvador/,0,18,0%,30.44
https://serenfermera.com/define-signo-y-sontomas-y-ejemplos-de-auxiliar-de-enfermeria/,0,18,0%,31.5
https://serenfermera.com/aminofilina-vademecum-cuidados-de-enfermeria/,0,18,0%,42.78
https://serenfermera.com/debe-descansar-despues-del-ajuste-quiropractico/,0,18,0%,43.17
https://serenfermera.com/que-son-las-camas-de-hidromasaje/,0,18,0%,49
https://serenfermera.com/plan-de-cuidados-de-enfermeria-en-paciente-con-hipertension-arterial/,0,18,0%,74.28
https://serenfermera.com/funciones-de-tecnico-de-enfermeria-en-hospitalizacion/,0,18,0%,78.22
https://serenfermera.com/auxiliar-de-enfermeria-en-urgencias-pediatricas/,0,18,0%,91
https://serenfermera.com/trabajo-de-tecnico-en-enfermeria-en-panama/,0,17,0%,58.29
https://serenfermera.com/programas-de-flebotomia/,0,17,0%,79.53
https://serenfermera.com/cual-es-la-diferencia-entre-medicina-holistica-e-integrativa/,0,16,0%,30.25
https://serenfermera.com/malla-tecnico-en-enfermeria-duoc/,0,16,0%,56.62
https://serenfermera.com/tecnicas-de-enfermeria/,0,16,0%,75.19
https://serenfermera.com/del-blanco-al-azul-los-uniformes-de-enfermeria-evolucionan/,0,16,0%,80.5
https://serenfermera.com/cuidados-del-recien-nacido-en-el-hogar-enfermeria/,0,16,0%,82.75
https://serenfermera.com/cuantas-horas-a-la-semana-trabajan-los-fisioterapeutas/,0,15,0%,10.27
https://serenfermera.com/pequeno-tatuajes-auxiliar-de-enfermeria/,0,15,0%,52.67
https://serenfermera.com/15-cosas-que-todo-estudiante-de-enfermeria-debe-saber/,0,15,0%,73.4
https://serenfermera.com/plan-de-cuidado-de-enfermeria-definicion-partes/,0,15,0%,88.8
https://serenfermera.com/respuesta-rapida-cuanto-pesan-las-camillas-de-masaje/,0,14,0%,10.07
https://serenfermera.com/horario-enfermeria-centro-de-salud-mislata/,0,14,0%,15.21
https://serenfermera.com/metamizol-vademecum-cuidados-de-enfermeria/,0,14,0%,20.21
https://serenfermera.com/que-asignaturas-convalidan-de-atencion-sociosanitaria-a-auxiliar-de-enfermeria/,0,14,0%,40.86
https://serenfermera.com/valoracion-cuidados-enfermeria/,0,14,0%,82.79
https://serenfermera.com/usted-pregunto-cuanto-gana-un-fisioterapeuta-deportivo-en-australia/,0,13,0%,13.85
https://serenfermera.com/cuantas-horas-semanales-debe-trabajar-un-auxiliar-de-enfermeria/,0,13,0%,21.23
https://serenfermera.com/estudiar-enfermeria-de-la-salud-o-psicologia/,0,13,0%,29
https://serenfermera.com/presion-intracraneal-cuidados-de-enfermeria/,0,13,0%,35.08
https://serenfermera.com/los-masajistas-pueden-trabajar-en-hospitales/,0,13,0%,45.46
https://serenfermera.com/puede-la-homeopatia-curar-el-tinnitus-de-forma-permanente/,0,13,0%,46.77
https://serenfermera.com/tiempos-de-enfermeria-y-salud/,0,13,0%,51.54
https://serenfermera.com/quiropractico/,0,13,0%,57.46
https://serenfermera.com/cuidados-de-enfermeria-toma-de-signos-vitales/,0,13,0%,58.77
https://serenfermera.com/cuidados-de-enfermeria-en-accidente-cerebro-vascular/,0,13,0%,66.54
https://serenfermera.com/auxiliar-de-enfermeria-militat-espana/,0,13,0%,70.15
https://serenfermera.com/auxiliar-de-enfermeria-drenajes/,0,13,0%,74
https://serenfermera.com/mis-metas-de-enfermeria-haz-el-bien-en-este-mundo/,0,13,0%,75.77
https://serenfermera.com/quick-answer-what-is-network-spinal-analysis-chiropractic/,0,13,0%,86.23
https://serenfermera.com/es-costumbre-dar-propina-a-los-masajistas/,0,12,0%,9.5
https://serenfermera.com/debo-hacer-ejercicio-despues-de-un-masaje/,0,12,0%,14.83
https://serenfermera.com/cuanto-se-debe-dar-de-propina-por-un-masaje-de-1-hora/,0,12,0%,15.08
https://serenfermera.com/frases-de-jubilacion-para-auxiliar-de-enfermeria/,0,12,0%,21.08
https://serenfermera.com/pregunta-la-alopecia-es-curable-en-homeopatia/,0,12,0%,43.42
https://serenfermera.com/crucero/,0,12,0%,47.83
https://serenfermera.com/auxiliar-de-enfermeria-site-uned-es/,0,12,0%,50.67
https://serenfermera.com/tu-pregunta-puedo-correr-tras-un-quiropractico/,0,12,0%,58.33
https://serenfermera.com/cuidados-de-enfermeria-en-hemodialisis-power-point/,0,12,0%,72.17
https://serenfermera.com/busco-trabajo-de-auxiliar-de-enfermeria-en-suiza/,0,12,0%,79.75
https://serenfermera.com/cirugia-cardiovascular-cuidados-de-enfermeria/,0,12,0%,79.92
https://serenfermera.com/bases-de-datos-ciencias-de-la-salud-enfermeria/,0,12,0%,84.33
https://serenfermera.com/cuidado-de-enfermeris-psiquiatria/,0,12,0%,87.5
https://serenfermera.com/pregunta-frecuente-puedo-comer-antes-del-quiropractico/,0,11,0%,7.55
https://serenfermera.com/pregunta-frecuente-que-ropa-lleva-un-fisioterapeuta/,0,11,0%,8.91
https://serenfermera.com/tu-pregunta-se-puede-hacer-acupuntura-a-traves-de-la-ropa/,0,11,0%,9.18
https://serenfermera.com/cuanto-gana-un-acupuntor-por-hora/,0,11,0%,13
https://serenfermera.com/respuesta-rapida-cuanto-gana-un-medico-homeopata/,0,11,0%,23.73
https://serenfermera.com/valores-de-un-auxiliar-de-enfermeria/,0,11,0%,33.36
https://serenfermera.com/que-pueden-recetar-los-fisioterapeutas/,0,11,0%,36.45
https://serenfermera.com/cual-es-la-diferencia-entre-reiki-y-reflexologia/,0,11,0%,38.45
https://serenfermera.com/diferencias-entre-emr-ehr-y-phr/,0,11,0%,55.64
https://serenfermera.com/flebotomista-pros-y-contras/,0,11,0%,57.64
https://serenfermera.com/como-tiene-que-comunicarse-un-auxiliar-de-enfermeria/,0,11,0%,63.09
https://serenfermera.com/papel-de-enfermeria-en-la-promocion-de-la-salud-espana/,0,11,0%,79.18
https://serenfermera.com/rectosigmoidoscopia-cuidados-de-enfermeria/,0,11,0%,80.45
https://serenfermera.com/cuidades-auxiliares-de-enfermeria-tecnico-superior/,0,11,0%,81.82
https://serenfermera.com/ejemplo-de-proyecto-de-auxiliar-de-enfermeria/,0,10,0%,3.1
https://serenfermera.com/se-supone-que-debes-dejar-propina-por-un-masaje/,0,10,0%,15.9
https://serenfermera.com/dextrosa-al-10-en-agua-cuidados-de-enfermeria/,0,10,0%,30.1
https://serenfermera.com/auxiliar-de-enfermeria-o-enfermera-electrocardiograma-quien-lo-realiza/,0,10,0%,34.8
https://serenfermera.com/definicion-de-auxiliar-de-enfermeria-en-uruguay/,0,10,0%,49.7
https://serenfermera.com/masajes-cuidados-de-enfermeria/,0,10,0%,51.3
https://serenfermera.com/estreptomicina-cuidados-de-enfermeria/,0,10,0%,68
https://serenfermera.com/5-super-nuevas-becas-para-enfermeras-de-nivel-graduado/,0,10,0%,78.1
https://serenfermera.com/intervenciones-de-enfermeria-en-salud-mental/,0,10,0%,78.9
https://serenfermera.com/cuidados-de-enfermeria-sonda-gastrostomia/,0,10,0%,82.7
https://serenfermera.com/que-es-la-quiropractica-del-paquete-palmer/,0,9,0%,3.44
https://serenfermera.com/autonoma-auxiliar-enfermeria/,0,9,0%,7.56
https://serenfermera.com/longitud-unas-auxiliar-enfermeria/,0,9,0%,7.67
https://serenfermera.com/duracion-practicas-auxiliar-de-enfermeria/,0,9,0%,8.33
https://serenfermera.com/cuanto-se-debe-dar-de-propina-por-un-masaje-en-tailandia/,0,9,0%,9.22
https://serenfermera.com/que-ropa-debes-usar-para-ir-al-quiropractico/,0,9,0%,10.33
https://serenfermera.com/un-tecnico-en-emergencias-sanitarias-puede-hacer-enfermeria/,0,9,0%,17.33
https://serenfermera.com/auxiliar-de-enfermeria-meme/,0,9,0%,18.33
https://serenfermera.com/frases-de-auxiliar-de-enfermeria-escritas-en-un-llavero/,0,9,0%,19.11
https://serenfermera.com/cronograma-modelos-de-cuidados-enfermeria/,0,9,0%,26.44
https://serenfermera.com/auxiliar-de-enfermeria-policia-nacional/,0,9,0%,27.56
https://serenfermera.com/auxiliar-de-enfermeria-es-lo-mismo-que-fermero/,0,9,0%,29.78
https://serenfermera.com/empleo-de-auxiliar-de-enfermeria-en-venezuela/,0,9,0%,36.78
https://serenfermera.com/auxiliar-de-enfermeria-y-cuidador-categorias-diferente/,0,9,0%,47.78
https://serenfermera.com/mejor-respuesta-la-fisioterapia-es-mas-dificil-que-la-enfermeria/,0,9,0%,57.56
https://serenfermera.com/does-e-class-have-massage-seats/,0,9,0%,64.44
https://serenfermera.com/auxiliar-de-enfermeria-loe-o-logse/,0,9,0%,67.56
https://serenfermera.com/funciones-del-auxiliar-de-enfermeria-en-el-servicio-de-urgencias/,0,9,0%,69.89
https://serenfermera.com/plan-de-cuidados-enfermeria-paciente-intubado-nanda/,0,9,0%,72.11
https://serenfermera.com/modelo-de-cuidados-de-enfermeria-de-hildegard-peplau/,0,9,0%,80.11
https://serenfermera.com/cuidados-del-drenaje-endotoracico-enfermeria/,0,9,0%,88.89
https://serenfermera.com/auxiliar-enfermeria-en-tanatorio/,0,8,0%,4
https://serenfermera.com/cuanto-dinero-gana-un-quiropractico-al-ano-en-canada/,0,8,0%,8.12
https://serenfermera.com/auxiliar-de-enfermeria-en-cirugia-vascular/,0,8,0%,8.25
https://serenfermera.com/que-medicamentos-puede-recetar-un-naturopata/,0,8,0%,8.5
https://serenfermera.com/cuanto-cobra-un-auxiliar-de-enfermeria-en-reino-unido/,0,8,0%,10.62
https://serenfermera.com/concepto-de-cuidado-de-enfermeria-segun-watson/,0,8,0%,14.25
https://serenfermera.com/el-seguro-de-salud-cubre-el-masaje-terapeutico/,0,8,0%,17.25
https://serenfermera.com/glosectomia-cuidados-postoperatorios-enfermeria/,0,8,0%,19.75
https://serenfermera.com/cuanto-ganan-los-fisioterapeutas-de-animales/,0,8,0%,20.25
https://serenfermera.com/fidelidad-en-la-enfermeria/,0,8,0%,23.5
https://serenfermera.com/esta-permitida-la-homeopatia-en-canada/,0,8,0%,24.12
https://serenfermera.com/ciprofloxacino-vademecum-cuidados-de-enfermeria/,0,8,0%,28.88
https://serenfermera.com/tecnico-farmacia-parafarmacia-convalidaciones-enfermeria/,0,8,0%,38
https://serenfermera.com/auxiliar-de-enfermeria-salario-en-europa/,0,8,0%,49.12
https://serenfermera.com/documentos-sanitarios-que-puede-rellenar-el-auxiliar-de-enfermeria/,0,8,0%,57.12
https://serenfermera.com/cardiopatia-congenita-cuidados-de-enfermeria/,0,8,0%,60.75
https://serenfermera.com/convocatoria-sescam-auxiliar-de-enfermeria/,0,8,0%,63.38
https://serenfermera.com/pregunta-que-homeopatia-es-buena-para-el-dolor-de-cabeza/,0,8,0%,73.38
https://serenfermera.com/cuidado-humanizado-en-enfermeria/,0,8,0%,77.5
https://serenfermera.com/carbon-activado-cuidados-de-enfermeria/,0,8,0%,78.12
https://serenfermera.com/el-quiropractico-ayudo-a-su-bebe/,0,8,0%,93.5
https://serenfermera.com/formacion-profesional/,0,7,0%,2.86
https://serenfermera.com/hay-mas-quiropracticos-hombres-o-mujeres/,0,7,0%,6.14
https://serenfermera.com/como-ser-profesor-de-fp-auxiliar-de-enfermeria/,0,7,0%,7.86
https://serenfermera.com/sindrome-confusional-agudo-cuidados-enfermeria-actuacion/,0,7,0%,8.14
https://serenfermera.com/cuanto-cuesta-ir-a-un-naturopata/,0,7,0%,8.29
https://serenfermera.com/cuidados-de-enfermeria-en-heridas-contaminadas/,0,7,0%,8.71
https://serenfermera.com/cuidados-enfermeria-dermatitis-panal-geriatria/,0,7,0%,8.71
https://serenfermera.com/rinonera-auxiliar-de-enfermeria/,0,7,0%,8.71
https://serenfermera.com/6-derechos-de-administracion-de-medicamentos-mnemonicos/,0,7,0%,9.29
https://serenfermera.com/respuesta-rapida-funciona-la-acupuntura-para-las-trompas-de-falopio-bloqueadas/,0,7,0%,9.43
https://serenfermera.com/cuanto-cobra-auxiliar-de-enfermeria-en-sanitas/,0,7,0%,9.86
https://serenfermera.com/auxiliar-de-enfermeria-en-mutuas/,0,7,0%,13.43
https://serenfermera.com/las-practicas-de-auxiliar-de-enfermeria-se-pagan/,0,7,0%,19.29
https://serenfermera.com/puedes-hacerte-tatuajes-como-fisioterapeuta/,0,7,0%,20.43
https://serenfermera.com/auxiliar-de-enfermeria-en-instituciones-penitenciarias/,0,7,0%,22.71
https://serenfermera.com/medicina-natural/,0,7,0%,22.86
https://serenfermera.com/caso-practico-fuden-cuidados-enfermeria-en-urgencias-modulo-i-respuestas/,0,7,0%,24.43
https://serenfermera.com/pearson-vue-nclex-truco/,0,7,0%,27
https://serenfermera.com/cuidados-de-enfermeria-en-quimioterapia-y-radioterapia/,0,7,0%,33.57
https://serenfermera.com/cursos-de-auxiliar-de-enfermeria-avalados-por-el-senescyt/,0,7,0%,37.14
https://serenfermera.com/cursos-de-auxiliar-de-enfermeria-en-quito/,0,7,0%,39.14
https://serenfermera.com/acetaminofen-vademecum-cuidados-de-enfermeria/,0,7,0%,39.86
https://serenfermera.com/cuanto-cobra-un-auxiliar-de-enfermeria-en-quiron-salud/,0,7,0%,51
https://serenfermera.com/supervisora-enfermeria-gestion-de-cuidados/,0,7,0%,57.57
https://serenfermera.com/accidente-cerebrovascular-isquemico-cuidados-de-enfermeria/,0,7,0%,58.14
https://serenfermera.com/cateter-umbilical-cuidados-de-enfermeria/,0,7,0%,69
https://serenfermera.com/que-requisitos-necesito-para-ser-fisioterapeuta-deportivo/,0,7,0%,71.71
https://serenfermera.com/cuidados-de-enfermeria-en-el-paciente-quirurgico-transoperatorio/,0,7,0%,72.57
https://serenfermera.com/funciones-del-auxiliar-de-enfermeria-en-hospital-psiquiatrico/,0,7,0%,76.86
https://serenfermera.com/historias/,0,6,0%,4.5
https://serenfermera.com/funcion-relacional-del-auxiliar-de-enfermeria/,0,6,0%,5.67
https://serenfermera.com/master-propio-cuidados-proactivos-de-enfermeria/,0,6,0%,6.17
https://serenfermera.com/cuanto-cobra-un-auxiliar-de-enfermeria-en-har/,0,6,0%,6.5
https://serenfermera.com/ucg-unidad-cuidados-de-enfermeria/,0,6,0%,6.5
https://serenfermera.com/celulitis-en-ninos-cuidados-de-enfermeria/,0,6,0%,7.17
https://serenfermera.com/respuesta-rapida-se-pueden-deducir-los-masajes-como-gasto-medico/,0,6,0%,7.67
https://serenfermera.com/definicion-auxiliar-de-enfermeria-en-urologia/,0,6,0%,8.17
https://serenfermera.com/como-te-conviertes-en-fisioterapeuta-en-la-nba/,0,6,0%,8.67
https://serenfermera.com/funciona-la-acupuntura-en-los-nervios-pinzados/,0,6,0%,8.83
https://serenfermera.com/cuanto-tiempo-lleva-convertirse-en-masajista-en-australia/,0,6,0%,10.17
https://serenfermera.com/cuanto-dura-la-carrera-de-tecnico-en-enfermeria/,0,6,0%,13
https://serenfermera.com/auxiliar-enfermeria-osakidetza-requisitos/,0,6,0%,15
https://serenfermera.com/cuanto-tiempo-lleva-convertirse-en-fisioterapeuta-en-irlanda/,0,6,0%,15.5
https://serenfermera.com/tecnicas-basicas-de-enfermeria-macmillan-online/,0,6,0%,16
https://serenfermera.com/alprazolam-vademecum-cuidados-de-enfermeria/,0,6,0%,18.83
https://serenfermera.com/frequent-question-does-theragun-have-lithium-battery/,0,6,0%,22.83
https://serenfermera.com/1986-creacion-de-la-ctegoria-profesional-de-auxiliar-de-enfermeria/,0,6,0%,23.33
https://serenfermera.com/cuanto-dura-un-curso-de-osteopata/,0,6,0%,27.67
https://serenfermera.com/cuanto-ganan-los-buenos-quiropracticos/,0,6,0%,28.67
https://serenfermera.com/puedo-ir-al-quiropractico-si-estoy-embarazada/,0,6,0%,29.5
https://serenfermera.com/respuesta-rapida-cual-es-el-quiropractico-mejor-pagado/,0,6,0%,37.83
https://serenfermera.com/empleos-de-auxiliar-de-enfermeria-en-caracas/,0,6,0%,42.33
https://serenfermera.com/cuanto-gana-un-auxiliar-de-enfermeria-en-suiza/,0,6,0%,46.83
https://serenfermera.com/colestasis-intrahepatica-del-embarazo-cuidados-de-enfermeria/,0,6,0%,52.83
https://serenfermera.com/funciones-auxiliar-de-enfermeria-en-consultas-externas/,0,6,0%,58.67
https://serenfermera.com/enfermeria-salud-escolar/,0,6,0%,60.33
https://serenfermera.com/irc-cuidados-de-enfermeria/,0,6,0%,64.17
https://serenfermera.com/cuidados-de-auxiliar-de-enfermeria-en-una-fracturas-oseas/,0,6,0%,76.33
https://serenfermera.com/cuidados-de-enfermeria-para-irrigacion-vesical/,0,6,0%,77.5
https://serenfermera.com/donde-homologar-titulo-de-auxiliar-de-enfermeria-en-espana/,0,6,0%,78.17
https://serenfermera.com/9-divertidos-y-educativos-juegos-de-enfermeria/,0,6,0%,79.83
https://serenfermera.com/convenio-de-auxiliar-de-enfermeria-en-residencias-privadas-salario/,0,6,0%,82.17
https://serenfermera.com/cuidados-de-enfermeria-en-pacientes-con-sindrome-de-guillain-barre/,0,6,0%,84.67
https://serenfermera.com/salud/,0,5,0%,1.4
https://serenfermera.com/mercado-laboral-auxiliar-de-enfermeria-opinion/,0,5,0%,2.8
https://serenfermera.com/cuantos-quiropracticos-hay-en-los-estados-unidos/,0,5,0%,5
https://serenfermera.com/cuanto-gana-un-fisioterapeuta-al-ano/,0,5,0%,5.8
https://serenfermera.com/cuidados-de-enfermeria-en-hiper-e-hipotiroidismo/,0,5,0%,6
https://serenfermera.com/cancer-cervical-cuidados-de-enfermeria/,0,5,0%,8
https://serenfermera.com/proceso-atencion-enfermeria-plan-de-cuidados-de-enfermeria-ejemplos/,0,5,0%,8.8
https://serenfermera.com/como-saber-cuando-la-bateria-del-theragun-esta-cargada/,0,5,0%,9.4
https://serenfermera.com/tu-pregunta-por-que-necesitas-beber-agua-despues-de-un-ajuste-quiropractico/,0,5,0%,9.6
https://serenfermera.com/deberia-dar-propina-a-los-masajistas/,0,5,0%,10.2
https://serenfermera.com/quetiapina-cuidados-de-enfermeria/,0,5,0%,11
https://serenfermera.com/el-fisioterapeuta-gana-mas-que-las-enfermeras-registradas/,0,5,0%,13.6
https://serenfermera.com/cuidados-de-enfermeria-en-oxigenoterapia-pediatrica/,0,5,0%,19.4
https://serenfermera.com/auxiliar-enfermeria-en-morgue/,0,5,0%,20.6
https://serenfermera.com/salud-laboral/,0,5,0%,24
https://serenfermera.com/convalidaciones-auxiliar-enfermeria-grado-enfermeria/,0,5,0%,26.6
https://serenfermera.com/plan-de-cuidados-enfermeria-dislipidemia/,0,5,0%,31.2
https://serenfermera.com/cuanto-ganan-los-osteopatas-en-australia/,0,5,0%,31.6
https://serenfermera.com/que-colchon-es-el-mas-recomendado-por-los-quiropracticos/,0,5,0%,33
https://serenfermera.com/estudiar-en-enfermeria/,0,5,0%,34
https://serenfermera.com/cuanto-pesa-una-camilla-de-masaje/,0,5,0%,35.8
https://serenfermera.com/funciones-de-un-auxiliar-enfermeria-psicologico/,0,5,0%,41.8
https://serenfermera.com/logoss-cursos-auxiliar-enfermeria-folleto/,0,5,0%,45.4
https://serenfermera.com/es-un-medico-naturopata-un-medico-de-verdad-en-canada/,0,5,0%,55.2
https://serenfermera.com/cuanto-gana-un-auxiliar-de-enfermeria-en-reino-unido/,0,5,0%,55.8
https://serenfermera.com/cuanto-dura-fp-grado-medio-dual-auxiliar-de-enfermeria/,0,5,0%,56
https://serenfermera.com/cuidados-de-enfermeria-en-dialisis-y-hemodialisis/,0,5,0%,56.4
https://serenfermera.com/auxiliar-enfermeria-practica-electrocardiagrama/,0,5,0%,58.4
https://serenfermera.com/la-fisioterapia-es-deducible/,0,5,0%,59
https://serenfermera.com/preguntas-para-tecnicos-de-enfermeria/,0,5,0%,64.6
https://serenfermera.com/bsn-es-mejor-que-un-rn/,0,5,0%,67
https://serenfermera.com/que-cualidades-hacen-un-buen-fisioterapeuta/,0,5,0%,71.6
https://serenfermera.com/cuidados-de-enfermeria-en-deficit-del-autocuidado/,0,5,0%,74.6
https://serenfermera.com/por-que-los-uniformes-de-enfermeria-son-uniformes-medicos/,0,5,0%,75.8
https://serenfermera.com/auxiliar-de-enfermeria-en-alemania/,0,5,0%,79.2
https://serenfermera.com/que-materias-necesito-para-ser-fisioterapeuta-en-australia/,0,5,0%,90.6
https://serenfermera.com/todo-lo-demas/,0,4,0%,1.75
https://serenfermera.com/estudiar/,0,4,0%,2.25
https://serenfermera.com/salud/page/5/,0,4,0%,3.75
https://serenfermera.com/plan-de-cuidados-de-enfermeria-transfusion-sanguinea/,0,4,0%,4
https://serenfermera.com/paciente-con-nefrostomia-cuidados-enfermeria/,0,4,0%,4.5
https://serenfermera.com/empleo-y-carrera/,0,4,0%,5.75
https://serenfermera.com/conciliacion-familiar/,0,4,0%,6.25
https://serenfermera.com/cuidados-de-enfermeria-en-sindrome-de-abstinencia-alcoholica/,0,4,0%,6.5
https://serenfermera.com/confeccion-de-una-nomina-de-un-auxiliar-de-enfermeria/,0,4,0%,6.75
https://serenfermera.com/pueden-los-naturopatas-trabajar-en-hospitales/,0,4,0%,6.75
https://serenfermera.com/auxiliar-de-enfermeria-y-enfermedad-terminal/,0,4,0%,7.75
https://serenfermera.com/pregunta-frecuente-cuanto-cuesta-la-fisioterapia-en-calgary/,0,4,0%,8
https://serenfermera.com/dispositivos-y-tecnologia/,0,4,0%,9
https://serenfermera.com/cuanto-dinero-gana-un-masajista-en-canada/,0,4,0%,9.25
https://serenfermera.com/auxiliar-de-enfermeria-puede-hacer-pcr/,0,4,0%,9.5
https://serenfermera.com/importancia-de-elaboracion-de-plan-de-cuidados-de-enfermeria/,0,4,0%,10.5
https://serenfermera.com/modulo-6-prueba-a-resolver-auxiliar-de-enfermeria-centro-ips/,0,4,0%,10.5
https://serenfermera.com/10-consejos-para-las-enfermeras-en-el-turno-de-noche/,0,4,0%,11
https://serenfermera.com/formacion-profesional-auxiliar-enfermeria-en-italia/,0,4,0%,12
https://serenfermera.com/se-puede-ser-fisioterapeuta-en-la-marina/,0,4,0%,12.25
https://serenfermera.com/supuestos-practicos-auxiliar-de-enfermeria-diputacion/,0,4,0%,16
https://serenfermera.com/cuanto-cuesta-estudiar-fisioterapia-en-australia/,0,4,0%,21
https://serenfermera.com/tu-pregunta-la-acupuntura-puede-regenerar-los-nervios/,0,4,0%,25.5
https://serenfermera.com/auxiliar-de-enfermeria-operada-de-cataratas-tiempo-de-baja/,0,4,0%,27.75
https://serenfermera.com/incompatibilidad-rh-en-el-embarazo-cuidados-de-enfermeria/,0,4,0%,28
https://serenfermera.com/auxiliar-enfermeria-trabajar-en-irlanda/,0,4,0%,28.25
https://serenfermera.com/vacuna-rotavirus-cuidados-de-enfermeria/,0,4,0%,29.75
https://serenfermera.com/cuanto-ganan-los-medicos-osteopatas/,0,4,0%,31.25
https://serenfermera.com/que-significan-los-callos-en-reflexologia/,0,4,0%,32
https://serenfermera.com/pregunta-cual-es-el-uso-de-la-sepia-en-la-homeopatia/,0,4,0%,32.5
https://serenfermera.com/enfermeria-comunitaria-prevencion-y-promocion-de-,0,4,0%,34.75
https://serenfermera.com/pregunta-la-fisioterapia-es-deducible-como-gasto-medico/,0,4,0%,36.75
https://serenfermera.com/cuanto-dinero-gana-un-fisioterapeuta-deportivo/,0,4,0%,42.75
https://serenfermera.com/hay-auxiliar-de-enfermeria-en-el-ejercito/,0,4,0%,47
https://serenfermera.com/fotos-auxiliar-de-enfermeria-animadas/,0,4,0%,50.25
https://serenfermera.com/que-codigos-cpt-se-utilizan-para-la-fisioterapia/,0,4,0%,51.25
https://serenfermera.com/epispadia-e-hipospadia-cuidados-de-enfermeria/,0,4,0%,53.25
https://serenfermera.com/cuidados-de-enfermeria-a-pacientes-neurologicos/,0,4,0%,55.5
https://serenfermera.com/puede-la-homeopatia-curar-el-eccema-de-forma-permanente/,0,4,0%,59.25
https://serenfermera.com/cursos-de-auxiliar-de-enfermeria-en-guayaquil/,0,4,0%,59.5
https://serenfermera.com/angiografia-coronaria-cuidados-de-enfermeria/,0,4,0%,61
https://serenfermera.com/cuidados-de-enfermeria-en-sindrome-de-cushing/,0,4,0%,61.75
https://serenfermera.com/el-proceso-de-enfermeria-como-enfermera-administrativa/,0,4,0%,72
https://serenfermera.com/material-quiursgico-auxiliar-enfermeria/,0,4,0%,72.75
https://serenfermera.com/cuidados-en-enfermeria-buco-dentales/,0,4,0%,73.5
https://serenfermera.com/requisitos-para-trabajar-de-auxiliar-de-enfermeria-en-alemania/,0,4,0%,78.25
https://serenfermera.com/21-grandes-razones-para-convertirse-en-una-enfermera-practicante/,0,4,0%,82.25
https://serenfermera.com/como-homologar-el-titulo-de-auxiliar-de-enfermeria-en-espana/,0,4,0%,83.5
https://serenfermera.com/funciones-auxiliar-de-enfermeria-en-residencias-de-ancianos-tesst/,0,4,0%,84.5
https://serenfermera.com/que-rasgos-de-personalidad-se-necesitan-para-ser-fisioterapeuta/,0,4,0%,86.75
https://serenfermera.com/plan-de-cuidados-de-enfermeria-artroscopia-de-rodilla/,0,4,0%,88.75
https://serenfermera.com/cuidados-proactivos-de-enfermeria-titulo-propio/,0,4,0%,90
https://serenfermera.com/cuidados-de-enfermeria-a-pacientes-con-trastorno-bipolar/,0,3,0%,3.67
https://serenfermera.com/servicio-canario-de-salud-ope-enfermeri/,0,3,0%,4
https://serenfermera.com/modelos-conceptuales-enfermeria-de-salud-m,0,3,0%,4.33
https://serenfermera.com/cuanto-tiempo-se-tarda-en-cargar-una-bateria-theragun/,0,3,0%,6.67
https://serenfermera.com/cuidados-especificos-de-enfermeria-en-glaucoma/,0,3,0%,7
https://serenfermera.com/salario-de-enfermera-de-viaje/,0,3,0%,7
https://serenfermera.com/auxiliar-de-enfermeria-en-consulta-de-neurofisiologia-tareas/,0,3,0%,7.33
https://serenfermera.com/cuidados-de-enfermeria-quimioterapia-cancer-de-mama/,0,3,0%,7.33
https://serenfermera.com/el-auxiliar-de-enfermeria-en-observacion/,0,3,0%,8
https://serenfermera.com/cuanto-dinero-gana-un-naturopata/,0,3,0%,8.67
https://serenfermera.com/grupo-c1-auxiliar-de-enfermeria-psoe/,0,3,0%,8.67
https://serenfermera.com/massage-envy-es-un-spa/,0,3,0%,8.67
https://serenfermera.com/nitrofurantoina-cuidados-de-enfermeria/,0,3,0%,9
https://serenfermera.com/oposiciones-de-enfermeria/,0,3,0%,9.67
https://serenfermera.com/funcion-de-la-auxiliar-de-enfermeria-en-almacen/,0,3,0%,10
https://serenfermera.com/auxiliar-de-enfermeria-derechos-y-deberes/,0,3,0%,10.67
https://serenfermera.com/carbamazepina-vademecum-cuidados-de-enfermeria/,0,3,0%,10.67
https://serenfermera.com/crna-vs-pa/,0,3,0%,10.67
https://serenfermera.com/auxiliar-enfermeria-no-hago-mas-que-pillar-infecciones-respiratorias/,0,3,0%,11
https://serenfermera.com/horario-descanso-vacaciones-auxiliar-enfermeria/,0,3,0%,11
https://serenfermera.com/leyes-y-regulaciones/,0,3,0%,11
https://serenfermera.com/asstracud-cali-auxiliar-de-enfermeria/,0,3,0%,11.67
https://serenfermera.com/enfermeria-comunitaria-prevencion-y-promocion-de-la-salud/,0,3,0%,12
https://serenfermera.com/respuesta-rapida-como-te-conviertes-en-masajista-en-canada/,0,3,0%,12
https://serenfermera.com/el-sindrome-de-ovario-poliquistico-es-curable-en-homeopatia/,0,3,0%,12.33
https://serenfermera.com/convalidacion-de-auxiliar-de-enfermeria-en-reino-unido/,0,3,0%,12.67
https://serenfermera.com/auxiliar-de-enfermeria-que-grupo-de-cotizacion-es/,0,3,0%,13.33
https://serenfermera.com/theragun-puede-ayudar-con-la-celulitis/,0,3,0%,13.33
https://serenfermera.com/auxiliar-de-enfermeria-en-pisos-tutelados-de-mayores-de-discapacitados/,0,3,0%,14.67
https://serenfermera.com/cuanto-gana-un-asistente-quiropractico-certificado/,0,3,0%,18.67
https://serenfermera.com/auxiliar-de-o-enfermeria-veterinaria-fp/,0,3,0%,22
https://serenfermera.com/cuanto-ganan-los-fisioterapeutas-deportivos/,0,3,0%,22.67
https://serenfermera.com/tu-pregunta-que-son-los-sillones-de-masaje-planet-fitness/,0,3,0%,22.67
https://serenfermera.com/etiquetas-diagnosticas-de-los-planes-de-cuidados-de-enfermeria/,0,3,0%,24
https://serenfermera.com/tecnico-en-cuidados-auxiliares-de-enfermeria-las-remudas/,0,3,0%,24.67
https://serenfermera.com/usted-pregunto-como-me-convierto-en-fisioterapeuta-en-londres/,0,3,0%,28
https://serenfermera.com/resultados-rapidos-de-nclex/,0,3,0%,28.67
https://serenfermera.com/what-cpt-codes-can-a-chiropractor-bill/,0,3,0%,29.67
https://serenfermera.com/cuidados-de-enfermeria-en-el-intraoperatorio-ppt/,0,3,0%,33
https://serenfermera.com/nomina-sescam-enfermeria-centro-de-salud/,0,3,0%,33
https://serenfermera.com/ideas-de-proyecto-final-de-auxiliar-de-enfermeria/,0,3,0%,35
https://serenfermera.com/auxiliar-de-enfermeria-historia-clinica/,0,3,0%,36.33
https://serenfermera.com/topiramato-cuidados-de-enfermeria/,0,3,0%,37.67
https://serenfermera.com/trabajo-auxiliar-de-enfermeria-extranjero/,0,3,0%,39.67
https://serenfermera.com/como-prepararse-y-registrarse-para-pearson-vue-nclex/,0,3,0%,44.33
https://serenfermera.com/global-working-auxiliar-de-enfermeria-noruega/,0,3,0%,44.67
https://serenfermera.com/cuidados-de-enfermeria-en-pacientes-con-impella/,0,3,0%,47.67
https://serenfermera.com/medicamento-ranitidina-cuidados-de-enfermeria/,0,3,0%,49
https://serenfermera.com/funciones-del-auxiliar-de-enfermeria-1973/,0,3,0%,54.33
https://serenfermera.com/auxiliar-de-enfermeria-en-tocogine/,0,3,0%,59.33
https://serenfermera.com/plan-de-cuidados-de-enfermeria-nic/,0,3,0%,62
https://serenfermera.com/cuanto-cobra-una-auxiliar-de-enfermeria-por-horas-sueltas/,0,3,0%,66.67
https://serenfermera.com/funciones-de-la-comunicacion-en-auxiliar-de-enfermeri/,0,3,0%,66.67
https://serenfermera.com/metodos-y-tecnicas-didacticas-en-enfermeria/,0,3,0%,71.33
https://serenfermera.com/cuidados-cultura-actual-enfermeria/,0,3,0%,72
https://serenfermera.com/que-tipo-de-titulo-tiene-un-medico-naturopata/,0,3,0%,73.67
https://serenfermera.com/control-de-visitas-en-hospitales-auxiliar-de-enfermeria/,0,3,0%,74.33
https://serenfermera.com/cuidados-de-enfermeria-en-resonancia-magnetica/,0,3,0%,77
https://serenfermera.com/gacela-sacyl-auxiliar-de-enfermeria/,0,3,0%,86.33
https://serenfermera.com/10-diferencias-entre-un-hospital-publico-sin-fines-de-lucro-y-un-hospital-privado-corporativo-con-fines-de-lucro/,0,3,0%,92
https://serenfermera.com/hernia-inguinal-cuidados-de-enfermeria-transoperatorios/,0,3,0%,95
https://serenfermera.com/auxiliar-de-enfermeria-horas-anuanes/,0,2,0%,3.5
https://serenfermera.com/auxiliar-enfermeria-coruna-centros-privados/,0,2,0%,4
https://serenfermera.com/convertirse-en-enfermera/,0,2,0%,4
https://serenfermera.com/cuidados-formales-e-informales-en-enfermeria/,0,2,0%,4
https://serenfermera.com/hacerte-auxiliar-de-enfermeria-con-45-anos/,0,2,0%,4
https://serenfermera.com/cuanto-cobra-un-auxiliar-de-enfermeria-en-residencias-privadas/,0,2,0%,4.5
https://serenfermera.com/unidas-didactica-de-tecnicas-basicas-de-enfermeria/,0,2,0%,5
https://serenfermera.com/microtia-cuidados-de-enfermeria/,0,2,0%,6
https://serenfermera.com/cuantos-anos-lleva-convertirse-en-fisioterapeuta-en-canada/,0,2,0%,7.5
https://serenfermera.com/auxiliar-de-enfermeria-preguntas-y-respuestas/,0,2,0%,8
https://serenfermera.com/conocimiento-de-enfermeria-en-cuidados-paliativos-elena-chover/,0,2,0%,8
https://serenfermera.com/donde-puedo-estudiar-fisioterapia-en-londres/,0,2,0%,8
https://serenfermera.com/sindicato-de-tecnicos-de-enfermeria/,0,2,0%,8
https://serenfermera.com/tecnicas-basicas-de-enfermeria-medico-quirurgica-aiep/,0,2,0%,8
https://serenfermera.com/auxiliar-de-enfermeria-fines-de-semana/,0,2,0%,8.5
https://serenfermera.com/cuidados-enfermeria-trendelemburg/,0,2,0%,8.5
https://serenfermera.com/plan-de-cuidados-basicos-de-enfermeria-que-son/,0,2,0%,8.5
https://serenfermera.com/cuanto-gana-un-asistente-de-fisioterapeuta-en-ontario/,0,2,0%,9
https://serenfermera.com/auxiliar-de-enfermeria-en-manejo-productos-toxicos/,0,2,0%,9.5
https://serenfermera.com/pregunta-los-quiropracticos-obtienen-batas-blancas/,0,2,0%,9.5
https://serenfermera.com/hay-un-limite-de-peso-para-las-camillas-de-masaje/,0,2,0%,10
https://serenfermera.com/paso-nclex-que-sigue/,0,2,0%,10
https://serenfermera.com/trauma-craneoencefalico-severo-cuidados-enfermeria/,0,2,0%,10
https://serenfermera.com/valoracion-integral-y-cuidados-de-enfermeria-a-pacientes-con-vih/,0,2,0%,10
https://serenfermera.com/auxiliar-de-enfermeria-reus/,0,2,0%,10.5
https://serenfermera.com/funciones-tecnico-en-cuidados-auxiliares-de-enfermeria-medicina-nuclear/,0,2,0%,10.5
https://serenfermera.com/ies-guineueta-auxiliar-enfermeria/,0,2,0%,10.5
https://serenfermera.com/10-uniformes-medicos-caribbean-blue/,0,2,0%,11
https://serenfermera.com/colegios-con-tecnico-en-enfermeria-en-maipu/,0,2,0%,11
https://serenfermera.com/como-me-convierto-en-fisioterapeuta-en-nueva-zelanda/,0,2,0%,11
https://serenfermera.com/cuanto-dura-las-oras-practicas-de-tecnico-auxiliar-de-enfermeria/,0,2,0%,11
https://serenfermera.com/curso-de-auxiliar-de-enfermeria-barelables-gratis/,0,2,0%,11
https://serenfermera.com/cuantas-horas-trabaja-un-fisioterapeuta/,0,2,0%,11.5
https://serenfermera.com/pregunta-que-planta-es-conocida-por-sus-propiedades-curativas-harry-potter/,0,2,0%,11.5
https://serenfermera.com/puede-el-quiropractico-ayudar-con-la-costocondritis/,0,2,0%,11.5
https://serenfermera.com/puede-la-quiropractica-ayudar-con-la-hernia-de-hiato/,0,2,0%,11.5
https://serenfermera.com/absceso-cerebral-cuidados-de-enfermeria/,0,2,0%,12
https://serenfermera.com/auxiliar-de-enfermeria-y-visitas-el-pacoente/,0,2,0%,12
https://serenfermera.com/plan-de-cuidados-de-enfermeria-en-obesidad-e-hipertension/,0,2,0%,12
https://serenfermera.com/auxiliar-de-enfermeria-en-carceles/,0,2,0%,12.5
https://serenfermera.com/ciclo-auxiliar-enfermeria-en-dual/,0,2,0%,12.5
https://serenfermera.com/por-que-es-malo-banarse-despues-del-masaje/,0,2,0%,16
https://serenfermera.com/auxiliar-de-enfermeria-clinica-de-reproducciontrabajo/,0,2,0%,16.5
https://serenfermera.com/cuidados-de-enfermeria-en-gastrectomia-subtotal/,0,2,0%,16.5
https://serenfermera.com/cursos-de-auxiliar-de-enfermeria-cuenca-ecuador/,0,2,0%,18
https://serenfermera.com/que-universidades-ofrecen-fisioterapia-canada/,0,2,0%,19
https://serenfermera.com/como-me-convierto-en-medico-holistico-en-canada/,0,2,0%,21
https://serenfermera.com/cuanto-cobra-un-auxiliar-de-enfermeria-en-londres/,0,2,0%,21
https://serenfermera.com/el-auxiliar-de-enfermeria-en-paritorios-objetivos/,0,2,0%,27.5
https://serenfermera.com/auxiliar-de-enfermeria-dublin/,0,2,0%,30
https://serenfermera.com/albendazol-cuidados-de-enfermeria/,0,2,0%,31
https://serenfermera.com/cuidados-de-enfermeria-de-la-poliomielitis/,0,2,0%,35
https://serenfermera.com/pregunta-frecuente-cuanto-ganan-los-fisioterapeutas-en-toronto/,0,2,0%,35
https://serenfermera.com/las-mil-preguntas-de-auxiliar-de-enfermeria/,0,2,0%,36.5
https://serenfermera.com/convenio-colectivo-de-auxiliar-de-enfermeria-en-toledo/,0,2,0%,37.5
https://serenfermera.com/como-se-drena-el-liquido-de-los-oidos-despues-del-masaje/,0,2,0%,38.5
https://serenfermera.com/enfermeria-veterinaria-titulo-oficial-vs-asistente-tecnico-veterinario/,0,2,0%,40
https://serenfermera.com/mejor-respuesta-los-masajistas-toman-seguro/,0,2,0%,41
https://serenfermera.com/cual-es-diferencia-de-tecnico-de-cuidados-de-enfermeria/,0,2,0%,43.5
https://serenfermera.com/que-funcion-cumple-el-tecnico-en-enfermeria/,0,2,0%,44
https://serenfermera.com/capacitaciones-para-tecnicos-en-enfermeria-chile/,0,2,0%,45.5
https://serenfermera.com/auxiliar-de-enfermeria-definicion/,0,2,0%,46
https://serenfermera.com/8-violaciones-comunes-de-la-hipaa-que-usted-debe-evitar/,0,2,0%,48
https://serenfermera.com/fisioterapeuta/,0,2,0%,49
https://serenfermera.com/alguna-vez-un-quiropractico-ha-paralizado-a-alguien/,0,2,0%,49.5
https://serenfermera.com/como-me-convierto-en-un-fisioterapeuta-con-licencia-en-canada/,0,2,0%,50.5
https://serenfermera.com/caso-plan-cuidados-enfermeria-cancer-mama/,0,2,0%,52.5
https://serenfermera.com/auxiliar-enfermeria-jersey-paraplejico/,0,2,0%,55.5
https://serenfermera.com/indeed-auxiliar-de-enfermeria-en-irlanda/,0,2,0%,63.5
https://serenfermera.com/fp-grado-auxiliar-enfermeria-mediavida/,0,2,0%,75.5
https://serenfermera.com/convalidar-titulo-de-auxiliar-de-enfermeria-en-estados-unidos/,0,2,0%,80
https://serenfermera.com/algoritmo-protocolo-enfermeria-la-salud/,0,2,0%,84
https://serenfermera.com/es-obligatorio-tener-titulo-para-trabajar-de-auxiliar-de-enfermeria/,0,2,0%,89.5
https://serenfermera.com/videos-tecnicad-procedimientos-enfermeria/,0,2,0%,91.5
https://serenfermera.com/prado-santo-domingo-auxiliar-de-enfermeria/,0,2,0%,93.5
https://serenfermera.com/que-rasgos-de-personalidad-necesitas-para-ser-fisioterapeuta/,0,2,0%,95
https://serenfermera.com/auxiliar-de-enfermeria-en-el-quirofano-boe/,0,1,0%,1
https://serenfermera.com/cuanto-dura-la-carrera-auxiliar-de-enfermeria/,0,1,0%,1
https://serenfermera.com/cuidados-enfermeria-postoperatorio-lifting-facial-scielo/,0,1,0%,1
https://serenfermera.com/salud-mental/,0,1,0%,1
https://serenfermera.com/derechos-de-auxiliar-de-enfermeria-en-hospitales-publicos/,0,1,0%,2
https://serenfermera.com/dpt-auxiliar-de-enfermeria/,0,1,0%,2
https://serenfermera.com/educacion-en-enfermeria/page/31/,0,1,0%,2
https://serenfermera.com/convenio-colectivo-de-auxiliar-de-enfermeria-en-catalunya/,0,1,0%,3
https://serenfermera.com/cuidados-de-enfermeria-en-paciente-con-linfoma/,0,1,0%,3
https://serenfermera.com/empleo-y-carreras/,0,1,0%,3
https://serenfermera.com/estudiar/page/10/,0,1,0%,3
https://serenfermera.com/recursos-para-enfermeras/page/6/,0,1,0%,3
https://serenfermera.com/15-maneras-creativas-y-divertidas-en-que-las-enfermeras-pueden-ganar-dinero-de-lado/,0,1,0%,4
https://serenfermera.com/auxiliar-de-enfermeria-empastes/,0,1,0%,4
https://serenfermera.com/blogging-y-redes-sociales/,0,1,0%,4
https://serenfermera.com/con-un-5-29-puedes-hacer-auxiliar-de-enfermeria/,0,1,0%,4
https://serenfermera.com/consulta-enfermeria-centro-de-salud-rural/,0,1,0%,4
https://serenfermera.com/mejor-respuesta-los-masajes-son-deducibles-de-impuestos/,0,1,0%,4
https://serenfermera.com/que-es-auxiliar-de-enfermeria-y-cuales-son-sus-funciones/,0,1,0%,4
https://serenfermera.com/usted-pregunto-es-seguro-el-ajuste-quiropractico-de-la-correa-y/,0,1,0%,4
https://serenfermera.com/auxiliar-de-enfermeria-silvia-arias-montes/,0,1,0%,5
https://serenfermera.com/esther-monge-ferrer-promocion-enfermeria-salud-mental/,0,1,0%,5
https://serenfermera.com/estudio-cuidados-de-enfermeria-plasmaferesis/,0,1,0%,5
https://serenfermera.com/ficha-para-practicas-auxiliar-de-enfermeria/,0,1,0%,5
https://serenfermera.com/matriculacion-auxiliar-de-enfermeria/,0,1,0%,5
https://serenfermera.com/orgullosa-de-ser-auxiliar-de-enfermeria/,0,1,0%,5
https://serenfermera.com/salud-mental/page/5/,0,1,0%,5
https://serenfermera.com/capacidades-terminales-auxiliar-de-enfermeria/,0,1,0%,6
https://serenfermera.com/congreso-enfermeria-salud-mental-virtual/,0,1,0%,6
https://serenfermera.com/funcion-de-una-auxiliar-de-enfermeria-para-gente-con-anorexia/,0,1,0%,6
https://serenfermera.com/ciclo-medio-de-auxiliar-de-enfermeria-en-andorra/,0,1,0%,7
https://serenfermera.com/curso-auxiliar-de-enfermeria-apostilla-de-la-halla/,0,1,0%,7
https://serenfermera.com/destinos-auxiliar-enfermeria-sacyl/,0,1,0%,7
https://serenfermera.com/documentacion-auxiliar-de-enfermeria/,0,1,0%,7
https://serenfermera.com/ejemplo-memoria-final-de-practicas-auxiliar-de-enfermeria/,0,1,0%,7
https://serenfermera.com/endoscopia-enfermera-pros-y-contras/,0,1,0%,7
https://serenfermera.com/es-la-quiropractica-una-nueva-era/,0,1,0%,7
https://serenfermera.com/guia-de-cuidados-de-enfermeria-en-salud-mental-bibliografia/,0,1,0%,7
https://serenfermera.com/modulo-3-auxiliar-de-enfermeria-ips/,0,1,0%,7
https://serenfermera.com/plan-de-cuidados-de-enfermeria-a-paciente-con-peg/,0,1,0%,7
https://serenfermera.com/plan-de-cuidados-enfermeria-en-metrorragias-del-embarazo/,0,1,0%,7
https://serenfermera.com/viajar/,0,1,0%,7
https://serenfermera.com/20-almuerzos-rapidos-y-faciles-de-empacar-para-enfermeras/,0,1,0%,8
https://serenfermera.com/atencion-del-auxiliar-de-enfermeria-a-pacientes-con-traumatismos/,0,1,0%,8
https://serenfermera.com/auxiliar-enfermeria-autonomo-manilva/,0,1,0%,8
https://serenfermera.com/con-que-colabora-la-auxiliar-de-enfermeria-durante-el-puerperio/,0,1,0%,8
https://serenfermera.com/corticoides-cuidados-de-enfermeria/,0,1,0%,8
https://serenfermera.com/cuidados-de-enfermeria-a-familiares-de-epilepsia/,0,1,0%,8
https://serenfermera.com/fecha-ope-auxiliar-de-enfermeria/,0,1,0%,8
https://serenfermera.com/hobbies-auxiliar-de-enfermeria/,0,1,0%,8
https://serenfermera.com/iegipto-en-cuidados-de-enfermeria/,0,1,0%,8
https://serenfermera.com/moviles-y-tablets/,0,1,0%,8
https://serenfermera.com/protocolo-de-cuidados-auxiliar-enfermeria/,0,1,0%,8
https://serenfermera.com/proyecto-de-gestion-de-unidad-de-enfermeria-en-cuidados-paliativos/,0,1,0%,8
https://serenfermera.com/tecnico-enfermeria-anestesia/,0,1,0%,8
https://serenfermera.com/artriculo-74-estatuto-auxiliar-de-enfermeria/,0,1,0%,9
https://serenfermera.com/auxiliar-de-enfermeria-ofertas-de-trabajo-en-fuerteventura/,0,1,0%,9
https://serenfermera.com/cuidados-de-enfermeria-en-paciente-con-desprendimiento-de-retina/,0,1,0%,9
https://serenfermera.com/enfermera-de-dermatologia/,0,1,0%,9
https://serenfermera.com/grado-medio-auxiliar-de-enfermeria-nicolas-lauburu/,0,1,0%,9
https://serenfermera.com/hidroterapia-auxiliar-de-enfermeria/,0,1,0%,9
https://serenfermera.com/jdescargar-esquemas-auxiliar-enfermeria/,0,1,0%,9
https://serenfermera.com/puede-un-quiropractico-destapar-mi-oido/,0,1,0%,9
https://serenfermera.com/salud-y-cuidado-de-enfermeria/,0,1,0%,9
https://serenfermera.com/auxiliar-de-enfermeria-horario-frei-martin-sarmiento/,0,1,0%,10
https://serenfermera.com/auxiliar-enfermeria-todo-fr/,0,1,0%,10
https://serenfermera.com/cirugia-robotica-y-beneficios-en-los-cuidados-de-enfermeria/,0,1,0%,10
https://serenfermera.com/cuadernillo-auxiliar-enfermeria-sms/,0,1,0%,10
https://serenfermera.com/cuando-hacer-las-fct-de-auxiliar-de-enfermeria-por-libre/,0,1,0%,10
https://serenfermera.com/cuanto-tiempo-lleva-ser-un-quiropractico-de-caballos/,0,1,0%,10
https://serenfermera.com/cuidados-de-enfermeria-en-ninos-con-tdah/,0,1,0%,10
https://serenfermera.com/enfermeria/,0,1,0%,10
https://serenfermera.com/hospital-general-auxiliar-enfermeria/,0,1,0%,10
https://serenfermera.com/ifbs-ope-auxiliar-enfermeris/,0,1,0%,10
https://serenfermera.com/jose-alonso-gonzalez-vargas-prueba-enfermeria-salud-mental/,0,1,0%,10
https://serenfermera.com/las-enfermeras-comen-a-sus-crias-recursos-para-la-violencia-lateral/,0,1,0%,10
https://serenfermera.com/ley-del-tecnico-de-enfermeria/,0,1,0%,10
https://serenfermera.com/los-uniformes-medicos-baratos-son-tan-buenos-como-los-costosos/,0,1,0%,10
https://serenfermera.com/periodico-enfermera-pros-y-contras/,0,1,0%,10
https://serenfermera.com/plan-de-cuidados-de-enfermeria-sindrome-nefrotico/,0,1,0%,10
https://serenfermera.com/se-requiere-el-mcat-para-la-escuela-de-quiropractica/,0,1,0%,10
https://serenfermera.com/usted-pregunto-debo-descansar-despues-de-un-masaje/,0,1,0%,10
https://serenfermera.com/auxiliar-de-enfermeria-udelar-requisitos/,0,1,0%,11
https://serenfermera.com/auxiliar-enfermeria-hernani-inmakulada/,0,1,0%,11
https://serenfermera.com/auxilio-sanitario-enfermeria/,0,1,0%,11
https://serenfermera.com/convenio-auxiliar-enfermeria-sescam-vacaciones/,0,1,0%,11
https://serenfermera.com/cuidado-de-la-salud/,0,1,0%,11
https://serenfermera.com/cuidados-de-enfermeria-en-candidiasis-vaginal/,0,1,0%,11
https://serenfermera.com/descuentos-en-seguros-de-auto-para-enfermeras/,0,1,0%,11
https://serenfermera.com/mejor-respuesta-cuanto-tiempo-se-tarda-en-aprender-a-dar-masajes/,0,1,0%,11
https://serenfermera.com/retraso-en-el-crecimiento-intrauterino-cuidados-de-enfermeria/,0,1,0%,11
https://serenfermera.com/tecnico-en-enfermeria-online-chile/,0,1,0%,11
https://serenfermera.com/usted-pregunto-un-medico-naturopata-es-un-medico/,0,1,0%,11
https://serenfermera.com/vaginitis-cuidados-de-enfermeria/,0,1,0%,11
https://serenfermera.com/18-identificadores-de-pacientes-la-hipaa-los-define-como-fuera-de-limites/,0,1,0%,12
https://serenfermera.com/caso-clinico-auxiliar-geriatria-de-diabetes-mellitus-tipo-2-enfermeria/,0,1,0%,12
https://serenfermera.com/cuidados-enfermeria-uci-paciente-politrauma/,0,1,0%,12
https://serenfermera.com/duracion-contratacion-en-el-sas-auxiliar-de-enfermeria/,0,1,0%,12
https://serenfermera.com/hospital-parque-fuerteventura-salario-auxiliar-de-enfermeria/,0,1,0%,12
https://serenfermera.com/phd-pros-y-contras-de-enfermeria/,0,1,0%,12
https://serenfermera.com/por-que-los-quiropracticos-revisan-la-longitud-de-las-piernas/,0,1,0%,12
https://serenfermera.com/pregunta-frecuente-por-que-estoy-tan-cansado-despues-de-un-ajuste-quiropractico/,0,1,0%,12
https://serenfermera.com/pregunta-necesita-tomar-el-mcat-para-la-escuela-de-quiropractica/,0,1,0%,12
https://serenfermera.com/vida-de-enfermera/,0,1,0%,13
https://serenfermera.com/computrabajo-auxiliar-de-enfermeria/,0,1,0%,14
https://serenfermera.com/problemas-de-enfermera/,0,1,0%,14
https://serenfermera.com/salidas-laborales-auxiliar-de-enfermeria/,0,1,0%,14
https://serenfermera.com/tu-pregunta-donde-puedo-conseguir-un-masaje-en-sims-4/,0,1,0%,14
https://serenfermera.com/7-oraciones-para-antes-y-despues-de-la-cirugia/,0,1,0%,15
https://serenfermera.com/enfermedades-de-transmision-sexual-cuidados-de-enfermeria/,0,1,0%,15
https://serenfermera.com/tecnico-superior-en-enfermeria-profesional/,0,1,0%,15
https://serenfermera.com/wp-content/uploads/2020/09/7-oraciones-para-antes-y-despues-de-la-cirugia.jpg,0,1,0%,15
https://serenfermera.com/investigacion-en-salud/,0,1,0%,16
https://serenfermera.com/requisitos-de-acceso-a-tecnico-en-cuidados-auxiliares-de-enfermeria/,0,1,0%,16
https://serenfermera.com/trabajos-de-enfermeria-mas-infractores-y-felices/,0,1,0%,16
https://serenfermera.com/auxiliar-de-enfermeri-dispositov-de-apoyo-sas/,0,1,0%,17
https://serenfermera.com/cuidado-humanizado-en-,0,1,0%,17
https://serenfermera.com/cuznto-cobra-una-auxiliar-de-enfermeria-en-balnearios/,0,1,0%,17
https://serenfermera.com/17-citas-de-enfermeras-inspiradoras-y-empoderadoras/,0,1,0%,19
https://serenfermera.com/tecnico-en-cuidados-auxiliares-de-enfermeria-tope-de-creditos/,0,1,0%,19
https://serenfermera.com/curso-de-auxiliar-de-enfermeria-salidas-profesionales/,0,1,0%,20
https://serenfermera.com/competencias-del-profesional-de-enfermeria-en-salud-mental/,0,1,0%,21
https://serenfermera.com/3-increibles-ideas-de-regalo-de-la-enfermera-de-san-valentin/,0,1,0%,23
https://serenfermera.com/cuaderno-de-practicas-auxiliar-de-enfermeria-tbe/,0,1,0%,23
https://serenfermera.com/cuidados-de-enfermeria-en-pacientes-con-distrofia-muscular/,0,1,0%,23
https://serenfermera.com/curso-auxiliar-enfermeria/,0,1,0%,23
https://serenfermera.com/las-mejores-plantillas-para-enfermeras/,0,1,0%,23
https://serenfermera.com/pregunta-frecuente-cuanto-gana-un-doctor-en-medicina-osteopatica/,0,1,0%,25
https://serenfermera.com/wp-content/uploads/2020/09/10-consejos-para-las-enfermeras-en-el-turno-de-noche.jpg,0,1,0%,25
https://serenfermera.com/auxiliar-de-enfermeria-salas-de-cirugia/,0,1,0%,26
https://serenfermera.com/15-personas-que-tuvieron-el-mayor-impacto-en-la-enfermeriainfografia/,0,1,0%,30
https://serenfermera.com/curso-auxiliar-enfermeria-donostia/,0,1,0%,30
https://serenfermera.com/cursos-del-sepe-para-puntuacion-de-auxiliar-de-enfermeria/,0,1,0%,30
https://serenfermera.com/frecuencia-cardiaca-auxiliar-enfermeria/,0,1,0%,32
https://serenfermera.com/pedir-cita-enfermeria-salud/,0,1,0%,32
https://serenfermera.com/respuesta-curso-cuidados-criticos-enfermeria/,0,1,0%,33
https://serenfermera.com/calzado-de-seguridad-en-un-hospital-auxiliar-de-enfermeria/,0,1,0%,35
https://serenfermera.com/negligencia-en-enfermeria-por-falta-de-cuidados/,0,1,0%,43
https://serenfermera.com/beca-auxiliar-enfermeria-alemania/,0,1,0%,44
https://serenfermera.com/how-much-money-does-a-chiropractic-make/,0,1,0%,46
https://serenfermera.com/pregunta-cual-es-el-mejor-medicamento-homeopatico-para-la-disfuncion-erectil/,0,1,0%,47
https://serenfermera.com/curso-tecnico-de-enfermeria-en-terrassa/,0,1,0%,48
https://serenfermera.com/cuidados-de-enfermeria-en-el-entorno-del-paciente/,0,1,0%,49
https://serenfermera.com/que-es-la-tecnica-de-masaje-de-friccion-de-fibras-cruzadas/,0,1,0%,51
https://serenfermera.com/10-hermosas-y-unicas-figuras-de-enfermera/,0,1,0%,52
https://serenfermera.com/chuleta-de-auxiliar-de-enfermeria/,0,1,0%,52
https://serenfermera.com/medicina-natural/page/5/,0,1,0%,53
https://serenfermera.com/epi-equipo-de-proteccion-individual-auxiliar-enfermeria/,0,1,0%,56
https://serenfermera.com/maprotilina-cuidados-de-enfermeria/,0,1,0%,59
https://serenfermera.com/trasplante-cardiaco-infantil-cuidados-de-enfermeria/,0,1,0%,60
https://serenfermera.com/modelos-conceptuales-enfermeria-de-salud-mental/,0,1,0%,62
https://serenfermera.com/cuidados-de-enfermeria-en-tiroiditis-posparto/,0,1,0%,66
https://serenfermera.com/cuidados-de-enfermeria-en-la-hipoacusia/,0,1,0%,71
https://serenfermera.com/relacion-enfermeria-y-salud-mental/,0,1,0%,71
https://serenfermera.com/tecnicas-enfermeria-control-ansiedad-quirurgico/,0,1,0%,72
https://serenfermera.com/10-consejos-para-el-exito-del-blog-de-enfermeria/,0,1,0%,75
https://serenfermera.com/auxiliar-de-enfermeria-sueldo-de-mierda/,0,1,0%,78
https://serenfermera.com/convalidad-asistencia-sociosanitaria-con-auxiliar-de-enfermeria/,0,1,0%,78
https://serenfermera.com/funciones-del-auxiliar-de-enfermeria-en-central-de-esterilizacion/,0,1,0%,78
https://serenfermera.com/crioterapia-cuidados-de-enfermeria/,0,1,0%,79
https://serenfermera.com/enfermeria-y-salud-mental-tendencias-actuales/,0,1,0%,79
https://serenfermera.com/distraccion-para-los-ninos-en-tecnicas-invasivas-de-enfermeria/,0,1,0%,81
https://serenfermera.com/cuidados-de-enfermeria-en-ulceras-vasculares-pubmed/,0,1,0%,82
https://serenfermera.com/intercambio-de-trabajo-a-estados-unidos-auxiliar-de-enfermeria/,0,1,0%,82
https://serenfermera.com/cuidados-de-enfermeria-en-hipertencion-arterial/,0,1,0%,83
https://serenfermera.com/enfermera-graciosa-memes-para-alegrarle-el-dia/,0,1,0%,85
https://serenfermera.com/consejeria-de-enfermeria-en-salud-mental/,0,1,0%,87
https://serenfermera.com/sueldo-auxiliar-enfermeria-sas/,0,1,0%,87
https://serenfermera.com/7-consejos-para-mantenerse-despierto-en-el-turno-de-noche/,0,1,0%,93
https://serenfermera.com/7-beneficios-de-la-educacion-continua-para-enfermeras/,0,1,0%,94
https://serenfermera.com/traumatismo-obstetrico-cuidados-de-enfermeria/,0,1,0%,94
https://serenfermera.com/cuidados-de-enfermeria-en-accidentes-cerebrovasculares/,0,1,0%,96
https://serenfermera.com/cuidados-de-enfermeria-resfriado-comun-ninos/,0,1,0%,96
https://serenfermera.com/virus-del-papiloma-humano-cuidados-de-enfermeria/,0,1,0%,96
https://serenfermera.com/cuidados-de-enfermeria-en-ninos-con-neumonia-tesis/,0,1,0%,127