"priority","cluster","slug","url","total_clicks","total_impressions","sources","has_legacy_content","legacy_datasets","legacy_titles","recommended_action"
"P1","Recursos y plantillas","temas-de-salud-de-enfermeria","https://serenfermera.com/temas-de-salud-de-enfermeria/","29","284","PageTrafficReport","False","","","Crear desde cero"
"P1","Conceptos y fundamentos de enfermeria","actividades-de-enfermeria-en-centro-de-salud","https://serenfermera.com/actividades-de-enfermeria-en-centro-de-salud","28","839","SiteExplorerUrls","False","","","Crear desde cero"
"P1","Cuidados clinicos y procedimientos","plan-de-cuidados-enfermeria-duelo","https://serenfermera.com/plan-de-cuidados-enfermeria-duelo","28","655","SiteExplorerUrls","False","","","Crear desde cero"
"P1","Conceptos y fundamentos de enfermeria","9-divertidos-y-educativos-juegos-de-enfermeria","https://serenfermera.com/9-divertidos-y-educativos-juegos-de-enfermeria","27","259","SiteExplorerUrls","False","","","Crear desde cero"
"P1","Cuidados clinicos y procedimientos","como-hacer-una-hoja-de-cuidados-de-enfermeria","https://serenfermera.com/como-hacer-una-hoja-de-cuidados-de-enfermeria","27","2431","SiteExplorerUrls","False","","","Crear desde cero"
"P1","Etica, liderazgo y habilidades","cuidado-humanizado-en-enfermeria","https://serenfermera.com/cuidado-humanizado-en-enfermeria/","27","367","PageTrafficReport","False","","","Crear desde cero"
"P1","Carrera y desarrollo profesional","auxiliar-de-enfermeria-colombia","https://serenfermera.com/auxiliar-de-enfermeria-colombia","26","450","SiteExplorerUrls","False","","","Crear desde cero"
"P1","Cuidados clinicos y procedimientos","lavado-gastrico-tecnica-enfermeria","https://serenfermera.com/lavado-gastrico-tecnica-enfermeria","25","1297","SiteExplorerUrls","False","","","Crear desde cero"
"P1","Recursos y plantillas","practica-basada-en-evidencia-en-ejemplos-de-enfermeria","https://serenfermera.com/practica-basada-en-evidencia-en-ejemplos-de-enfermeria","24","502","SiteExplorerUrls","True","nursingprocess-blog","Comprender la práctica basada en la evidencia en enfermería + 10 ejemplos","Reescribir desde legacy util"
"P1","Cuidados clinicos y procedimientos","10-cuidados-de-enfermeria-en-diabetes","https://serenfermera.com/10-cuidados-de-enfermeria-en-diabetes","24","685","SiteExplorerUrls","False","","","Crear desde cero"
"P1","Cuidados clinicos y procedimientos","angioplastia-cuidados-de-enfermeria","https://serenfermera.com/angioplastia-cuidados-de-enfermeria","22","333","SiteExplorerUrls","False","","","Crear desde cero"
"P1","Cuidados clinicos y procedimientos","cuidados-de-enfermeria-en-ninos-con-tdah","https://serenfermera.com/cuidados-de-enfermeria-en-ninos-con-tdah","22","225","SiteExplorerUrls","False","","","Crear desde cero"
"P1","Cuidados clinicos y procedimientos","cuidados-de-enfermeria-en-deterioro-de-la-movilidad-fisica","https://serenfermera.com/cuidados-de-enfermeria-en-deterioro-de-la-movilidad-fisica","22","706","SiteExplorerUrls","False","","","Crear desde cero"
"P1","Conceptos y fundamentos de enfermeria","proceso-salud-enfermedad-en-enfermeria","https://serenfermera.com/proceso-salud-enfermedad-en-enfermeria/","21","539","PageTrafficReport","False","","","Crear desde cero"
"P1","Etica, liderazgo y habilidades","veracidad-en-la-enfermeria","https://serenfermera.com/veracidad-en-la-enfermeria","21","288","SiteExplorerUrls","True","nursingprocess-blog","Veracidad en enfermería: qué es, por qué es importante y ejemplos","Reescribir desde legacy util"
"P1","Cuidados clinicos y procedimientos","evaluacion-del-plan-de-cuidados-de-enfermeria","https://serenfermera.com/evaluacion-del-plan-de-cuidados-de-enfermeria","21","372","SiteExplorerUrls","False","","","Crear desde cero"
"P1","Carrera y desarrollo profesional","que-es-gestion-del-cuidado-de-enfermeria","https://serenfermera.com/que-es-gestion-del-cuidado-de-enfermeria/","21","290","PageTrafficReport","False","","","Crear desde cero"
"P1","Cuidados clinicos y procedimientos","ketamina-cuidados-de-enfermeria","https://serenfermera.com/ketamina-cuidados-de-enfermeria","20","170","SiteExplorerUrls","False","","","Crear desde cero"
"P1","Cuidados clinicos y procedimientos","cuidados-de-enfermeria-en-sonda-vesical","https://serenfermera.com/cuidados-de-enfermeria-en-sonda-vesical","20","956","SiteExplorerUrls","False","","","Crear desde cero"
"P1","Cuidados clinicos y procedimientos","cuidados-de-enfermeria-hiperglucemia","https://serenfermera.com/cuidados-de-enfermeria-hiperglucemia","20","342","SiteExplorerUrls","False","","","Crear desde cero"
"P1","Cuidados clinicos y procedimientos","cuidados-de-enfermeria-post-parto-cesarea","https://serenfermera.com/cuidados-de-enfermeria-post-parto-cesarea","20","458","SiteExplorerUrls","False","","","Crear desde cero"
"P1","Carrera y desarrollo profesional","supervisora-enfermeria-gestion-de-cuidados","https://serenfermera.com/supervisora-enfermeria-gestion-de-cuidados","20","793","SiteExplorerUrls","False","","","Crear desde cero"
"P2","Recursos y plantillas","caso-practico-fuden-cuidados-enfermeria-en-urgencias-modulo-i-respuestas","https://serenfermera.com/caso-practico-fuden-cuidados-enfermeria-en-urgencias-modulo-i-respuestas","19","339","PageTrafficReport|SiteExplorerUrls","False","","","Crear desde cero"
"P2","Cuidados clinicos y procedimientos","cuidados-de-enfermeria-toma-de-signos-vitales","https://serenfermera.com/cuidados-de-enfermeria-toma-de-signos-vitales/","19","858","PageTrafficReport","False","","","Crear desde cero"
"P2","Cuidados clinicos y procedimientos","persistencia-del-conducto-arterioso-cuidados-de-enfermeria","https://serenfermera.com/persistencia-del-conducto-arterioso-cuidados-de-enfermeria","19","136","SiteExplorerUrls","False","","","Crear desde cero"
"P2","Cuidados clinicos y procedimientos","cuidados-de-enfermeria-en-pacientes-inconscientes","https://serenfermera.com/cuidados-de-enfermeria-en-pacientes-inconscientes","19","861","SiteExplorerUrls","False","","","Crear desde cero"
"P2","Conceptos y fundamentos de enfermeria","cuales-son-las-manipulaciones-basicas-utilizadas-en-el-masaje","https://serenfermera.com/cuales-son-las-manipulaciones-basicas-utilizadas-en-el-masaje","19","232","SiteExplorerUrls","False","","","Crear desde cero"
"P2","Cuidados clinicos y procedimientos","cuidados-de-enfermeria-en-el-puerperio","https://serenfermera.com/cuidados-de-enfermeria-en-el-puerperio/","18","246","PageTrafficReport","False","","","Crear desde cero"
"P2","Conceptos y fundamentos de enfermeria","procedimientos-y-tecnicas-basicas-de-enfermeria","https://serenfermera.com/procedimientos-y-tecnicas-basicas-de-enfermeria/","18","469","PageTrafficReport","False","","","Crear desde cero"
"P2","Carrera y desarrollo profesional","ciclo-auxiliar-de-enfermeria-plan-de-estuidos","https://serenfermera.com/ciclo-auxiliar-de-enfermeria-plan-de-estuidos","18","236","PageTrafficReport|SiteExplorerUrls","False","","","Crear desde cero"
"P2","Conceptos y fundamentos de enfermeria","para-que-se-utiliza-rhus-tox-en-homeopatia","https://serenfermera.com/para-que-se-utiliza-rhus-tox-en-homeopatia","18","310","SiteExplorerUrls","False","","","Crear desde cero"
"P2","Cuidados clinicos y procedimientos","alzheimer-cuidados-de-enfermeria","https://serenfermera.com/alzheimer-cuidados-de-enfermeria","17","414","PageTrafficReport|SiteExplorerUrls","False","","","Crear desde cero"
"P2","Cuidados clinicos y procedimientos","cuidados-de-enfermeria-en-dialisis-peritoneal-y-hemodialisis","https://serenfermera.com/cuidados-de-enfermeria-en-dialisis-peritoneal-y-hemodialisis","17","320","SiteExplorerUrls","False","","","Crear desde cero"
"P2","Conceptos y fundamentos de enfermeria","2000-preguntas-auxiliar-enfermeria","https://serenfermera.com/2000-preguntas-auxiliar-enfermeria","17","260","SiteExplorerUrls","False","","","Crear desde cero"
"P2","Conceptos y fundamentos de enfermeria","entapa-tecnica-enfermeria","https://serenfermera.com/entapa-tecnica-enfermeria","17","467","SiteExplorerUrls","False","","","Crear desde cero"
"P2","Etica, liderazgo y habilidades","comunicacion-terapeutica-en-enfermeria","https://serenfermera.com/comunicacion-terapeutica-en-enfermeria","17","687","SiteExplorerUrls","True","nursingprocess-blog","Las 30 mejores técnicas de comunicación terapéutica en enfermería + cómo usarlas","Reescribir desde legacy util"
"P2","Conceptos y fundamentos de enfermeria","resumen-evolucion-historica-del-tecnico-en-cuidados-auxiliares-de-enfermeria","https://serenfermera.com/resumen-evolucion-historica-del-tecnico-en-cuidados-auxiliares-de-enfermeria","16","242","PageTrafficReport|SiteExplorerUrls","False","","","Crear desde cero"
"P2","Conceptos y fundamentos de enfermeria","valoracion-enfermeria-en-salud-mental-objetivos","https://serenfermera.com/valoracion-enfermeria-en-salud-mental-objetivos","16","195","SiteExplorerUrls","False","","","Crear desde cero"
"P2","Conceptos y fundamentos de enfermeria","que-es-el-cuidado-de-la-enfermeria-definicion","https://serenfermera.com/que-es-el-cuidado-de-la-enfermeria-definicion/","16","227","PageTrafficReport","False","","","Crear desde cero"
"P2","Conceptos y fundamentos de enfermeria","tablon-en-blanco-actualizacion-para-enfermeria-de-salud-mental","https://serenfermera.com/tablon-en-blanco-actualizacion-para-enfermeria-de-salud-mental","16","2889","PageTrafficReport|SiteExplorerUrls","False","","","Crear desde cero"
"P2","Conceptos y fundamentos de enfermeria","caducan-las-pastillas-homeopaticas","https://serenfermera.com/caducan-las-pastillas-homeopaticas","16","121","Paginas|SiteExplorerUrls","False","","","Crear desde cero"
"P2","Cuidados clinicos y procedimientos","scq-cuidados-de-enfermeria-quemados","https://serenfermera.com/scq-cuidados-de-enfermeria-quemados","16","658","SiteExplorerUrls","False","","","Crear desde cero"
"P2","Cuidados clinicos y procedimientos","intervenciones-de-enfermeria-en-cuidados-paliativos","https://serenfermera.com/intervenciones-de-enfermeria-en-cuidados-paliativos","16","239","SiteExplorerUrls","False","","","Crear desde cero"
"P2","Carrera y desarrollo profesional","clases-de-la-escuela-de-enfermeria-que-tomas","https://serenfermera.com/clases-de-la-escuela-de-enfermeria-que-tomas","15","168","SiteExplorerUrls","True","nursingprocess-blog","24 clases que tomas en la escuela de enfermería y consejos para superarlas","Reescribir desde legacy util"
"P2","Cuidados clinicos y procedimientos","gastroenteritis-cuidados-de-enfermeria","https://serenfermera.com/gastroenteritis-cuidados-de-enfermeria","15","274","SiteExplorerUrls","False","","","Crear desde cero"
"P2","Carrera y desarrollo profesional","hidroterapia-auxiliar-de-enfermeria","https://serenfermera.com/hidroterapia-auxiliar-de-enfermeria","15","81","SiteExplorerUrls","False","","","Crear desde cero"
"P2","Conceptos y fundamentos de enfermeria","rol-del-tecnico-de-enfermeria-en-emergencia","https://serenfermera.com/rol-del-tecnico-de-enfermeria-en-emergencia","15","105","SiteExplorerUrls","False","","","Crear desde cero"
"P2","Cuidados clinicos y procedimientos","cuidados-de-enfermeria-post-radioterapia","https://serenfermera.com/cuidados-de-enfermeria-post-radioterapia","15","228","SiteExplorerUrls","False","","","Crear desde cero"
"P2","Carrera y desarrollo profesional","utensilios-de-auxiliar-de-enfermeria","https://serenfermera.com/utensilios-de-auxiliar-de-enfermeria","15","315","SiteExplorerUrls","False","","","Crear desde cero"
"P2","Conceptos y fundamentos de enfermeria","protocolo-de-cuidados-auxiliaresde-enfermeria","https://serenfermera.com/protocolo-de-cuidados-auxiliaresde-enfermeria/","14","33","PageTrafficReport","False","","","Crear desde cero"
"P2","Etica, liderazgo y habilidades","puede-un-fisioterapeuta-ordenar-una-resonancia-magnetica","https://serenfermera.com/puede-un-fisioterapeuta-ordenar-una-resonancia-magnetica","14","248","Paginas|SiteExplorerUrls","False","","","Crear desde cero"
"P2","Cuidados clinicos y procedimientos","modelos-de-cuidados-de-enfermeria-en-el-siglo-xx","https://serenfermera.com/modelos-de-cuidados-de-enfermeria-en-el-siglo-xx","14","358","SiteExplorerUrls","False","","","Crear desde cero"
"P2","Conceptos y fundamentos de enfermeria","tecnicas-enfermeria-urgencias-y-emergencia","https://serenfermera.com/tecnicas-enfermeria-urgencias-y-emergencia","14","414","SiteExplorerUrls","False","","","Crear desde cero"
"P2","Carrera y desarrollo profesional","cronograma-de-actividades-de-auxiliar-de-enfermeria","https://serenfermera.com/cronograma-de-actividades-de-auxiliar-de-enfermeria","14","272","SiteExplorerUrls","False","","","Crear desde cero"
"P2","Cuidados clinicos y procedimientos","plantilla-plan-de-cuidados-enfermeria-post-operado","https://serenfermera.com/plantilla-plan-de-cuidados-enfermeria-post-operado","14","247","SiteExplorerUrls","False","","","Crear desde cero"
"P2","Conceptos y fundamentos de enfermeria","tecnica-cateter-enfermeria","https://serenfermera.com/tecnica-cateter-enfermeria","13","1311","SiteExplorerUrls","False","","","Crear desde cero"
"P2","Conceptos y fundamentos de enfermeria","epi-equipo-de-proteccion-individual-auxiliar-enfermeria","https://serenfermera.com/epi-equipo-de-proteccion-individual-auxiliar-enfermeria","13","304","PageTrafficReport|SiteExplorerUrls","False","","","Crear desde cero"
"P2","Conceptos y fundamentos de enfermeria","definicion-de-tecnico-en-enfermeria","https://serenfermera.com/definicion-de-tecnico-en-enfermeria","13","399","SiteExplorerUrls","False","","","Crear desde cero"
"P2","Conceptos y fundamentos de enfermeria","funciones-y-tecnicas-asistenciales-del-personal-de-enfermeria-atencion-primari","https://serenfermera.com/funciones-y-tecnicas-asistenciales-del-personal-de-enfermeria-atencion-primari/","13","221","PageTrafficReport","False","","","Crear desde cero"
"P2","Conceptos y fundamentos de enfermeria","intervenciones-enfermeria-en-cuidados-domiciliarios","https://serenfermera.com/intervenciones-enfermeria-en-cuidados-domiciliarios","13","586","SiteExplorerUrls","False","","","Crear desde cero"
"P2","Cuidados clinicos y procedimientos","cuidados-de-enfermeria-en-pacientes-con-neumonia-nosocomial","https://serenfermera.com/cuidados-de-enfermeria-en-pacientes-con-neumonia-nosocomial","13","460","SiteExplorerUrls","False","","","Crear desde cero"
"P2","Cuidados clinicos y procedimientos","plan-de-cuidados-de-enfermeria-varices","https://serenfermera.com/plan-de-cuidados-de-enfermeria-varices","13","133","SiteExplorerUrls","False","","","Crear desde cero"
"P2","Conceptos y fundamentos de enfermeria","enfermera-del-ejercito","https://serenfermera.com/enfermera-del-ejercito","13","193","SiteExplorerUrls","True","nursingprocess-blog","10 pros y contras de ser enfermero militar + Salario + Pasos para convertirte","Reescribir desde legacy util"
"P2","Conceptos y fundamentos de enfermeria","cuidados-individualizados-enfermeria","https://serenfermera.com/cuidados-individualizados-enfermeria","13","313","SiteExplorerUrls","False","","","Crear desde cero"
"P2","Cuidados clinicos y procedimientos","traumatismo-obstetrico-cuidados-de-enfermeria","https://serenfermera.com/traumatismo-obstetrico-cuidados-de-enfermeria","13","471","SiteExplorerUrls","False","","","Crear desde cero"
"P2","Etica, liderazgo y habilidades","fidelidad-en-la-enfermeria","https://serenfermera.com/fidelidad-en-la-enfermeria","12","132","SiteExplorerUrls","True","nursingprocess-blog","Fidelidad en enfermería: qué es, por qué es importante y ejemplos","Reescribir desde legacy util"
"P2","Carrera y desarrollo profesional","programa-salud-enfermeria-salud-publica","https://serenfermera.com/programa-salud-enfermeria-salud-publica","12","188","SiteExplorerUrls","False","","","Crear desde cero"
"P2","Conceptos y fundamentos de enfermeria","metaparadigma-de-enfermeria-cuidado","https://serenfermera.com/metaparadigma-de-enfermeria-cuidado/","12","494","PageTrafficReport","False","","","Crear desde cero"
"P2","Conceptos y fundamentos de enfermeria","que-codigos-cpt-se-utilizan-para-la-fisioterapia","https://serenfermera.com/que-codigos-cpt-se-utilizan-para-la-fisioterapia","12","428","SiteExplorerUrls","False","","","Crear desde cero"
"P2","Cuidados clinicos y procedimientos","plan-de-cuidados-de-enfermeria-postoperatorio","https://serenfermera.com/plan-de-cuidados-de-enfermeria-postoperatorio/","12","799","PageTrafficReport","False","","","Crear desde cero"
"P2","Etica, liderazgo y habilidades","negligencia-en-enfermeria-por-falta-de-cuidados","https://serenfermera.com/negligencia-en-enfermeria-por-falta-de-cuidados","12","334","SiteExplorerUrls","False","","","Crear desde cero"
"P2","Conceptos y fundamentos de enfermeria","plan-cuidados-enfermeria-alergia","https://serenfermera.com/plan-cuidados-enfermeria-alergia","12","326","SiteExplorerUrls","False","","","Crear desde cero"
"P2","Cuidados clinicos y procedimientos","cuidados-de-enfermeria-en-la-sedacion","https://serenfermera.com/cuidados-de-enfermeria-en-la-sedacion","12","260","SiteExplorerUrls","False","","","Crear desde cero"
"P2","Conceptos y fundamentos de enfermeria","longitud-unas-auxiliar-enfermeria","https://serenfermera.com/longitud-unas-auxiliar-enfermeria","12","223","SiteExplorerUrls","False","","","Crear desde cero"
"P2","Etica, liderazgo y habilidades","cualidades-de-liderazgo-en-enfermeria","https://serenfermera.com/cualidades-de-liderazgo-en-enfermeria","12","159","SiteExplorerUrls","True","nursingprocess-blog","22 cualidades de liderazgo en enfermería que toda enfermera líder debe tener en 2022","Reescribir desde legacy util"
"P2","Carrera y desarrollo profesional","define-signo-y-sontomas-y-ejemplos-de-auxiliar-de-enfermeria","https://serenfermera.com/define-signo-y-sontomas-y-ejemplos-de-auxiliar-de-enfermeria/","11","205","PageTrafficReport","False","","","Crear desde cero"
"P2","Carrera y desarrollo profesional","requisitos-para-trabajar-como-auxiliar-de-enfermeria","https://serenfermera.com/requisitos-para-trabajar-como-auxiliar-de-enfermeria","11","177","SiteExplorerUrls","False","","","Crear desde cero"
"P2","Cuidados clinicos y procedimientos","cuidados-de-enfermeria-en-el-paciente-quirurgico-transoperatorio","https://serenfermera.com/cuidados-de-enfermeria-en-el-paciente-quirurgico-transoperatorio/","11","272","PageTrafficReport","False","","","Crear desde cero"
"P2","Cuidados clinicos y procedimientos","vaginitis-cuidados-de-enfermeria","https://serenfermera.com/vaginitis-cuidados-de-enfermeria","11","124","SiteExplorerUrls","False","","","Crear desde cero"
"P2","Conceptos y fundamentos de enfermeria","revision-bibliografica-cuidados-enfermeria","https://serenfermera.com/revision-bibliografica-cuidados-enfermeria","11","132","SiteExplorerUrls","False","","","Crear desde cero"
"P2","Conceptos y fundamentos de enfermeria","cuidados-enfermeria-atropina","https://serenfermera.com/cuidados-enfermeria-atropina","11","124","SiteExplorerUrls","False","","","Crear desde cero"
"P2","Cuidados clinicos y procedimientos","frases-celebres-sobre-cuidados-paliativos-enfermeria","https://serenfermera.com/frases-celebres-sobre-cuidados-paliativos-enfermeria","11","255","SiteExplorerUrls","False","","","Crear desde cero"
"P2","Cuidados clinicos y procedimientos","cuidados-de-enfermeria-nic-noc-nanda-paliativos","https://serenfermera.com/cuidados-de-enfermeria-nic-noc-nanda-paliativos","11","111","SiteExplorerUrls","False","","","Crear desde cero"
"P2","Cuidados clinicos y procedimientos","plan-de-cuidados-de-enfermeria-de-neumonia-en-pediatria","https://serenfermera.com/plan-de-cuidados-de-enfermeria-de-neumonia-en-pediatria","11","166","SiteExplorerUrls","False","","","Crear desde cero"
"P2","Cuidados clinicos y procedimientos","cuidados-de-enfermeria-en-candidiasis-vaginal","https://serenfermera.com/cuidados-de-enfermeria-en-candidiasis-vaginal","10","129","SiteExplorerUrls","False","","","Crear desde cero"
"P2","Conceptos y fundamentos de enfermeria","que-significa-necesidad-de-cuidados-en-enfermeria","https://serenfermera.com/que-significa-necesidad-de-cuidados-en-enfermeria","10","193","SiteExplorerUrls","False","","","Crear desde cero"
"P2","Cuidados clinicos y procedimientos","quetiapina-cuidados-de-enfermeria","https://serenfermera.com/quetiapina-cuidados-de-enfermeria","10","105","SiteExplorerUrls","False","","","Crear desde cero"
"P2","Conceptos y fundamentos de enfermeria","mnemotecnia-auxiliar-enfermeria","https://serenfermera.com/mnemotecnia-auxiliar-enfermeria","10","269","SiteExplorerUrls","False","","","Crear desde cero"
"P2","Conceptos y fundamentos de enfermeria","peliculas-cuidados-enfermeria","https://serenfermera.com/peliculas-cuidados-enfermeria","10","798","SiteExplorerUrls","False","","","Crear desde cero"
"P2","Conceptos y fundamentos de enfermeria","humanizacion-cuidados-enfermeria-citas","https://serenfermera.com/humanizacion-cuidados-enfermeria-citas","10","218","SiteExplorerUrls","False","","","Crear desde cero"
"P2","Cuidados clinicos y procedimientos","cuidados-post-cesarea-enfermeria","https://serenfermera.com/cuidados-post-cesarea-enfermeria","10","558","SiteExplorerUrls","False","","","Crear desde cero"
"P2","Conceptos y fundamentos de enfermeria","cuidado-personal-para-las-enfermeras","https://serenfermera.com/cuidado-personal-para-las-enfermeras","10","317","SiteExplorerUrls","True","nursingprocess-blog","Autocuidado para enfermeras: 25 estrategias comprobadas para cuidarse mejor","Reescribir desde legacy util"
"P2","Conceptos y fundamentos de enfermeria","comeptencias-enfermeria-salud-mental","https://serenfermera.com/comeptencias-enfermeria-salud-mental","10","145","SiteExplorerUrls","False","","","Crear desde cero"
"P2","Cuidados clinicos y procedimientos","cuidados-de-enfermeria-en-pacientes-con-paralisis-cerebral","https://serenfermera.com/cuidados-de-enfermeria-en-pacientes-con-paralisis-cerebral","10","169","SiteExplorerUrls","False","","","Crear desde cero"
"P2","Conceptos y fundamentos de enfermeria","enfermeria-cuidados-generales-con-los-farmacos","https://serenfermera.com/enfermeria-cuidados-generales-con-los-farmacos","10","500","SiteExplorerUrls","False","","","Crear desde cero"
"P3","Carrera y desarrollo profesional","preguntas-que-hacer-en-una-entrevista-de-enfermeria","https://serenfermera.com/preguntas-que-hacer-en-una-entrevista-de-enfermeria","9","264","SiteExplorerUrls","True","nursingprocess-blog","Más de 100 preguntas inteligentes para hacer en una entrevista de enfermería en 2022","Reescribir desde legacy util"
"P3","Carrera y desarrollo profesional","que-hace-una-enfermera-practicante","https://serenfermera.com/que-hace-una-enfermera-practicante","9","387","SiteExplorerUrls","True","nursingprocess-blog","¿Qué hace una enfermera practicante? (Deberes NP por Especialidad)","Reescribir desde legacy util"
"P3","Carrera y desarrollo profesional","tipos-de-titulos-de-enfermeria","https://serenfermera.com/tipos-de-titulos-de-enfermeria","9","358","SiteExplorerUrls","True","nursingprocess-blog","16 diferentes tipos de títulos de enfermería y las mejores escuelas que los ofrecen","Reescribir desde legacy util"
"P3","Conceptos y fundamentos de enfermeria","tecnicas-de-curaciones-en-enfermeria","https://serenfermera.com/tecnicas-de-curaciones-en-enfermeria","9","712","SiteExplorerUrls","False","","","Crear desde cero"
"P3","Conceptos y fundamentos de enfermeria","auxiliar-enfermeria-practica-electrocardiagrama","https://serenfermera.com/auxiliar-enfermeria-practica-electrocardiagrama","9","315","SiteExplorerUrls","False","","","Crear desde cero"
"P3","Cuidados clinicos y procedimientos","deterioramiento-cognitivo-cuidados-de-enfermeria-problemas-potenciales","https://serenfermera.com/deterioramiento-cognitivo-cuidados-de-enfermeria-problemas-potenciales/","9","25","PageTrafficReport","False","","","Crear desde cero"
"P3","Cuidados clinicos y procedimientos","escarlatina-cuidados-de-enfermeria","https://serenfermera.com/escarlatina-cuidados-de-enfermeria","9","77","SiteExplorerUrls","False","","","Crear desde cero"
"P3","Conceptos y fundamentos de enfermeria","competencias-tecnicas-enfermeria","https://serenfermera.com/competencias-tecnicas-enfermeria","9","159","SiteExplorerUrls","False","","","Crear desde cero"
"P3","Conceptos y fundamentos de enfermeria","historial-de-salud-en-enfermeria","https://serenfermera.com/historial-de-salud-en-enfermeria","9","156","SiteExplorerUrls","False","","","Crear desde cero"
"P3","Conceptos y fundamentos de enfermeria","consejeria-de-enfermeria-en-salud-sexual-y-reproductiva","https://serenfermera.com/consejeria-de-enfermeria-en-salud-sexual-y-reproductiva","9","133","SiteExplorerUrls","False","","","Crear desde cero"
"P3","Cuidados clinicos y procedimientos","cuidados-de-enfermeria-en-dialisis-y-hemodialisis","https://serenfermera.com/cuidados-de-enfermeria-en-dialisis-y-hemodialisis/","9","146","PageTrafficReport","False","","","Crear desde cero"
"P3","Carrera y desarrollo profesional","auxiliar-de-enfermeria","https://serenfermera.com/auxiliar-de-enfermeria","9","588","SiteExplorerUrls","False","","","Crear desde cero"
"P3","Conceptos y fundamentos de enfermeria","enfermeria-salud-mental-ninos","https://serenfermera.com/enfermeria-salud-mental-ninos","9","102","SiteExplorerUrls","False","","","Crear desde cero"
"P3","Cuidados clinicos y procedimientos","cuidados-de-enfermeria-en-unidad-de-cuidados-intensivos","https://serenfermera.com/cuidados-de-enfermeria-en-unidad-de-cuidados-intensivos/","8","135","PageTrafficReport","False","","","Crear desde cero"
"P3","Conceptos y fundamentos de enfermeria","cuidados-neonatales-en-enfermeria-sellan","https://serenfermera.com/cuidados-neonatales-en-enfermeria-sellan","8","209","SiteExplorerUrls","False","","","Crear desde cero"
"P3","Cuidados clinicos y procedimientos","cuidados-de-enfermeria-en-urgencias-traumatologicas","https://serenfermera.com/cuidados-de-enfermeria-en-urgencias-traumatologicas","8","168","SiteExplorerUrls","False","","","Crear desde cero"
"P3","Cuidados clinicos y procedimientos","cuidados-de-enfermeria-en-pacientes-con-hepatitis","https://serenfermera.com/cuidados-de-enfermeria-en-pacientes-con-hepatitis/","8","36","PageTrafficReport","False","","","Crear desde cero"
"P3","Conceptos y fundamentos de enfermeria","resumen-enfermeria-en-salud-internacional","https://serenfermera.com/resumen-enfermeria-en-salud-internacional","8","108","SiteExplorerUrls","False","","","Crear desde cero"
"P3","Conceptos y fundamentos de enfermeria","integridad-en-la-enfermeria","https://serenfermera.com/integridad-en-la-enfermeria","8","143","SiteExplorerUrls","True","nursingprocess-blog","10 maneras de demostrar integridad en la práctica de enfermería","Reescribir desde legacy util"
"P3","Carrera y desarrollo profesional","definicion-tacto-rectal-auxiliar-de-enfermeria","https://serenfermera.com/definicion-tacto-rectal-auxiliar-de-enfermeria","8","276","PageTrafficReport|SiteExplorerUrls","False","","","Crear desde cero"
"P3","Cuidados clinicos y procedimientos","cuidados-de-enfermeria-herida-quirurgica-infectada","https://serenfermera.com/cuidados-de-enfermeria-herida-quirurgica-infectada","8","148","PageTrafficReport|SiteExplorerUrls","False","","","Crear desde cero"
"P3","Carrera y desarrollo profesional","ejemplos-de-supuestos-practicos-de-auxiliar-de-enfermeria","https://serenfermera.com/ejemplos-de-supuestos-practicos-de-auxiliar-de-enfermeria","8","99","SiteExplorerUrls","False","","","Crear desde cero"
"P3","Carrera y desarrollo profesional","auxiliar-de-enfermeria-definicion","https://serenfermera.com/auxiliar-de-enfermeria-definicion","8","257","SiteExplorerUrls","False","","","Crear desde cero"
"P3","Conceptos y fundamentos de enfermeria","cuidados-a-familiares-enfermeria","https://serenfermera.com/cuidados-a-familiares-enfermeria","8","560","SiteExplorerUrls","False","","","Crear desde cero"
"P3","Carrera y desarrollo profesional","aptitudes-de-un-buen-auxiliar-de-enfermeria","https://serenfermera.com/aptitudes-de-un-buen-auxiliar-de-enfermeria","7","55","SiteExplorerUrls","False","","","Crear desde cero"
"P3","Conceptos y fundamentos de enfermeria","salud-mental-enfermeria-resumen","https://serenfermera.com/salud-mental-enfermeria-resumen","7","102","SiteExplorerUrls","False","","","Crear desde cero"
"P3","Cuidados clinicos y procedimientos","angiografia-renal-cuidados-de-enfermeria","https://serenfermera.com/angiografia-renal-cuidados-de-enfermeria","7","136","SiteExplorerUrls","False","","","Crear desde cero"
"P3","Conceptos y fundamentos de enfermeria","tecnica-saer-enfermeria","https://serenfermera.com/tecnica-saer-enfermeria/","7","251","PageTrafficReport","False","","","Crear desde cero"
"P3","Carrera y desarrollo profesional","es-obligatorio-tener-titulo-para-trabajar-de-auxiliar-de-enfermeria","https://serenfermera.com/es-obligatorio-tener-titulo-para-trabajar-de-auxiliar-de-enfermeria/","7","1","PageTrafficReport","False","","","Crear desde cero"
"P3","Conceptos y fundamentos de enfermeria","tecnicas-basicas-enfermeria-movilizacion-paciente","https://serenfermera.com/tecnicas-basicas-enfermeria-movilizacion-paciente/","7","507","PageTrafficReport","False","","","Crear desde cero"
"P3","Cuidados clinicos y procedimientos","via-topica-cuidados-de-enfermeria","https://serenfermera.com/via-topica-cuidados-de-enfermeria/","7","507","PageTrafficReport","False","","","Crear desde cero"
"P3","Conceptos y fundamentos de enfermeria","tecnicas-de-entrevista-enfermeria-21","https://serenfermera.com/tecnicas-de-entrevista-enfermeria-21","7","416","SiteExplorerUrls","False","","","Crear desde cero"
"P3","Conceptos y fundamentos de enfermeria","compasion-en-enfermeria","https://serenfermera.com/compasion-en-enfermeria","7","122","SiteExplorerUrls","True","nursingprocess-blog","12 maneras de mostrar compasión en enfermería (con ejemplos)","Reescribir desde legacy util"
"P3","Cuidados clinicos y procedimientos","ciprofloxacino-vademecum-cuidados-de-enfermeria","https://serenfermera.com/ciprofloxacino-vademecum-cuidados-de-enfermeria","7","187","SiteExplorerUrls","False","","","Crear desde cero"
"P3","Cuidados clinicos y procedimientos","heparina-vademecum-cuidados-de-enfermeria","https://serenfermera.com/heparina-vademecum-cuidados-de-enfermeria","7","205","SiteExplorerUrls","False","","","Crear desde cero"
"P3","Cuidados clinicos y procedimientos","glosectomia-cuidados-postoperatorios-enfermeria","https://serenfermera.com/glosectomia-cuidados-postoperatorios-enfermeria","7","74","SiteExplorerUrls","False","","","Crear desde cero"
"P3","Carrera y desarrollo profesional","actuacion-del-auxiliar-de-enfermeria-en-el-parto","https://serenfermera.com/actuacion-del-auxiliar-de-enfermeria-en-el-parto","7","104","SiteExplorerUrls","False","","","Crear desde cero"
"P3","Conceptos y fundamentos de enfermeria","quiero-dejar-la-enfermeria-que-mas-puedo-hacer","https://serenfermera.com/quiero-dejar-la-enfermeria-que-mas-puedo-hacer","7","35","SiteExplorerUrls","True","nursingprocess-blog","Quiero dejar la enfermería ¿Qué más puedo hacer? Las 13 mejores opciones profesionales en 2022","Reescribir desde legacy util"
"P3","Cuidados clinicos y procedimientos","hidralazina-vademecum-cuidados-de-enfermeria","https://serenfermera.com/hidralazina-vademecum-cuidados-de-enfermeria","7","141","SiteExplorerUrls","False","","","Crear desde cero"
"P3","Conceptos y fundamentos de enfermeria","enfermeria-cuidado-familiar-mental","https://serenfermera.com/enfermeria-cuidado-familiar-mental","7","60","SiteExplorerUrls","False","","","Crear desde cero"
"P3","Cuidados clinicos y procedimientos","cuidados-de-enfermeria-reanimacion","https://serenfermera.com/cuidados-de-enfermeria-reanimacion","7","216","SiteExplorerUrls","False","","","Crear desde cero"
"P3","Conceptos y fundamentos de enfermeria","cual-es-la-diferencia-entre-6x-y-30x-en-homeopatia","https://serenfermera.com/cual-es-la-diferencia-entre-6x-y-30x-en-homeopatia","6","59","PageTrafficReport|SiteExplorerUrls","False","","","Crear desde cero"
"P3","Conceptos y fundamentos de enfermeria","8-violaciones-comunes-de-la-hipaa-que-usted-debe-evitar","https://serenfermera.com/8-violaciones-comunes-de-la-hipaa-que-usted-debe-evitar","6","106","SiteExplorerUrls","False","","","Crear desde cero"
"P3","Cuidados clinicos y procedimientos","cuidados-de-enfermeria-en-los-periodos-del-parto","https://serenfermera.com/cuidados-de-enfermeria-en-los-periodos-del-parto","6","115","SiteExplorerUrls","False","","","Crear desde cero"
"P3","Cuidados clinicos y procedimientos","hoja-de-cuidados-de-enfermeria","https://serenfermera.com/hoja-de-cuidados-de-enfermeria/","6","537","PageTrafficReport","False","","","Crear desde cero"
"P3","Conceptos y fundamentos de enfermeria","enfermeria-en-salud-publica-definicion","https://serenfermera.com/enfermeria-en-salud-publica-definicion/","6","110","PageTrafficReport|Paginas","False","","","Crear desde cero"
"P3","Cuidados clinicos y procedimientos","proceso-atencion-enfermeria-plan-de-cuidados-de-enfermeria-ejemplos","https://serenfermera.com/proceso-atencion-enfermeria-plan-de-cuidados-de-enfermeria-ejemplos/","6","168","PageTrafficReport","False","","","Crear desde cero"
"P3","Carrera y desarrollo profesional","conocimientos-que-tiene-que-tener-una-auxiliar-de-enfermeria","https://serenfermera.com/conocimientos-que-tiene-que-tener-una-auxiliar-de-enfermeria","6","105","SiteExplorerUrls","False","","","Crear desde cero"
"P3","Etica, liderazgo y habilidades","los-diabeticos-pueden-recibir-masajes","https://serenfermera.com/los-diabeticos-pueden-recibir-masajes","6","112","SiteExplorerUrls","False","","","Crear desde cero"
"P3","Cuidados clinicos y procedimientos","cuidados-de-enfermeria-en-urgencias-psiquiatricas","https://serenfermera.com/cuidados-de-enfermeria-en-urgencias-psiquiatricas","6","104","SiteExplorerUrls","False","","","Crear desde cero"
"P3","Recursos y plantillas","dilema-etico-en-ejemplos-de-enfermeria","https://serenfermera.com/dilema-etico-en-ejemplos-de-enfermeria/","6","80","PageTrafficReport","True","nursingprocess-blog","20 ejemplos comunes de dilemas éticos en enfermería + cómo lidiar con ellos","Reescribir desde legacy util"
"P3","Conceptos y fundamentos de enfermeria","cuidado-de-enfermeria-en-salud-mental","https://serenfermera.com/cuidado-de-enfermeria-en-salud-mental","6","119","SiteExplorerUrls","False","","","Crear desde cero"
"P3","Conceptos y fundamentos de enfermeria","auxiliar-enfermeria-administrativo","https://serenfermera.com/auxiliar-enfermeria-administrativo","6","55","SiteExplorerUrls","False","","","Crear desde cero"
"P3","Conceptos y fundamentos de enfermeria","tu-pregunta-es-bueno-el-tratamiento-con-homeopatia-para-las-fisuras","https://serenfermera.com/tu-pregunta-es-bueno-el-tratamiento-con-homeopatia-para-las-fisuras","6","6","SiteExplorerUrls","False","","","Crear desde cero"
"P3","Conceptos y fundamentos de enfermeria","nic-enfermeria-cuidados-de-ulceras-por-presion-3520","https://serenfermera.com/nic-enfermeria-cuidados-de-ulceras-por-presion-3520","6","123","SiteExplorerUrls","False","","","Crear desde cero"
"P3","Cuidados clinicos y procedimientos","cuidados-de-enfermeria-ninos-discapacitados","https://serenfermera.com/cuidados-de-enfermeria-ninos-discapacitados","6","145","SiteExplorerUrls","False","","","Crear desde cero"
"P3","Conceptos y fundamentos de enfermeria","aplicacion-de-los-cuidados-e-enfermeria-en-pacientes-acv","https://serenfermera.com/aplicacion-de-los-cuidados-e-enfermeria-en-pacientes-acv","6","231","SiteExplorerUrls","False","","","Crear desde cero"
"P3","Cuidados clinicos y procedimientos","deterioro-de-la-integridad-cutanea-cuidados-de-enfermeria","https://serenfermera.com/deterioro-de-la-integridad-cutanea-cuidados-de-enfermeria","6","1181","SiteExplorerUrls","False","","","Crear desde cero"
"P3","Cuidados clinicos y procedimientos","trabajo-de-fin-de-grado-enfermeria-plan-de-cuidados","https://serenfermera.com/trabajo-de-fin-de-grado-enfermeria-plan-de-cuidados","6","43","SiteExplorerUrls","False","","","Crear desde cero"
"P3","Carrera y desarrollo profesional","atencion-del-auxiliar-de-enfermeria-al-enfermo-terminal","https://serenfermera.com/atencion-del-auxiliar-de-enfermeria-al-enfermo-terminal","5","32","SiteExplorerUrls","False","","","Crear desde cero"
"P3","Conceptos y fundamentos de enfermeria","tablonenblanco-cuidados-avanzados-de-enfermeria","https://serenfermera.com/tablonenblanco-cuidados-avanzados-de-enfermeria","5","507","SiteExplorerUrls","False","","","Crear desde cero"
"P3","Conceptos y fundamentos de enfermeria","tecnica-de-barrido-en-enfermeria","https://serenfermera.com/tecnica-de-barrido-en-enfermeria","5","329","SiteExplorerUrls","False","","","Crear desde cero"
"P3","Conceptos y fundamentos de enfermeria","deberes-de-enfermeria-neonatal","https://serenfermera.com/deberes-de-enfermeria-neonatal","5","279","SiteExplorerUrls","True","nursingprocess-blog","¿Qué hace una enfermera especializada en neonatología? (15 deberes y responsabilidades típicos diarios)","Reescribir desde legacy util"
"P3","Conceptos y fundamentos de enfermeria","la-acupuntura-cura-los-mareos","https://serenfermera.com/la-acupuntura-cura-los-mareos","5","161","SiteExplorerUrls","False","","","Crear desde cero"
"P3","Conceptos y fundamentos de enfermeria","cuidados-enfermeria-planta-neurologia","https://serenfermera.com/cuidados-enfermeria-planta-neurologia","5","33","SiteExplorerUrls","False","","","Crear desde cero"
"P3","Cuidados clinicos y procedimientos","cuidados-de-enfermeria-en-pacientes-criticos-ppt","https://serenfermera.com/cuidados-de-enfermeria-en-pacientes-criticos-ppt","5","132","SiteExplorerUrls","False","","","Crear desde cero"
"P3","Carrera y desarrollo profesional","ley-de-proteccion-de-datos-personales-tes-auxiliar-de-enfermeria","https://serenfermera.com/ley-de-proteccion-de-datos-personales-tes-auxiliar-de-enfermeria","5","61","SiteExplorerUrls","False","","","Crear desde cero"
"P3","Conceptos y fundamentos de enfermeria","pregunta-caducan-las-gotas-homeopaticas","https://serenfermera.com/pregunta-caducan-las-gotas-homeopaticas","5","24","SiteExplorerUrls","False","","","Crear desde cero"
"P3","Cuidados clinicos y procedimientos","intoxicacion-exogena-cuidados-de-enfermeria","https://serenfermera.com/intoxicacion-exogena-cuidados-de-enfermeria","5","184","SiteExplorerUrls","False","","","Crear desde cero"
"P3","Cuidados clinicos y procedimientos","cuidados-de-enfermeria-en-pacientes-con-hipertermia-maligna","https://serenfermera.com/cuidados-de-enfermeria-en-pacientes-con-hipertermia-maligna","5","26","SiteExplorerUrls","False","","","Crear desde cero"
"P3","Cuidados clinicos y procedimientos","plan-de-cuidados-enfermeria-caries-dental","https://serenfermera.com/plan-de-cuidados-enfermeria-caries-dental","5","58","SiteExplorerUrls","False","","","Crear desde cero"
"P3","Carrera y desarrollo profesional","funciones-del-auxiliar-de-enfermeria-en-central-de-esterilizacion","https://serenfermera.com/funciones-del-auxiliar-de-enfermeria-en-central-de-esterilizacion","5","71","SiteExplorerUrls","False","","","Crear desde cero"
"P3","Cuidados clinicos y procedimientos","atelectasia-pulmonar-cuidados-de-enfermeria","https://serenfermera.com/atelectasia-pulmonar-cuidados-de-enfermeria","5","107","SiteExplorerUrls","False","","","Crear desde cero"
"P3","Carrera y desarrollo profesional","como-ser-profesor-de-fp-auxiliar-de-enfermeria","https://serenfermera.com/como-ser-profesor-de-fp-auxiliar-de-enfermeria","5","61","SiteExplorerUrls","False","","","Crear desde cero"
"P3","Conceptos y fundamentos de enfermeria","comunicacion-en-enfermeria","https://serenfermera.com/comunicacion-en-enfermeria","5","192","SiteExplorerUrls","True","nursingprocess-blog","18 Consejos Útiles para Mejorar la Comunicación en Enfermería","Reescribir desde legacy util"
"P3","Conceptos y fundamentos de enfermeria","tecnica-de-lavado-de-manos-en-enfermeria-video","https://serenfermera.com/tecnica-de-lavado-de-manos-en-enfermeria-video","5","737","SiteExplorerUrls","False","","","Crear desde cero"
"P3","Cuidados clinicos y procedimientos","registro-plan-de-cuidados-enfermeria","https://serenfermera.com/registro-plan-de-cuidados-enfermeria","5","89","SiteExplorerUrls","False","","","Crear desde cero"
"P3","Cuidados clinicos y procedimientos","perfusion-tisular-cerebral-ineficaz-cuidados-de-enfermeria","https://serenfermera.com/perfusion-tisular-cerebral-ineficaz-cuidados-de-enfermeria","5","563","SiteExplorerUrls","False","","","Crear desde cero"
"P3","Cuidados clinicos y procedimientos","cuidados-de-enfermeria-en-operacion-de-cadera","https://serenfermera.com/cuidados-de-enfermeria-en-operacion-de-cadera","5","39","SiteExplorerUrls","False","","","Crear desde cero"
"P3","Conceptos y fundamentos de enfermeria","enfermeria-tecnicas-clinicas-esteve","https://serenfermera.com/enfermeria-tecnicas-clinicas-esteve","5","89","SiteExplorerUrls","False","","","Crear desde cero"
"P3","Cuidados clinicos y procedimientos","cuidados-de-enfermeria-en-infeccion-urinaria-durante-el-embarazo","https://serenfermera.com/cuidados-de-enfermeria-en-infeccion-urinaria-durante-el-embarazo","5","62","SiteExplorerUrls","False","","","Crear desde cero"
"P3","Cuidados clinicos y procedimientos","nutricion-enteral-y-cuidados-de-enfermeria-google-a-ademi","https://serenfermera.com/nutricion-enteral-y-cuidados-de-enfermeria-google-a-ademi","5","116","SiteExplorerUrls","False","","","Crear desde cero"
"P3","Cuidados clinicos y procedimientos","10-cuidados-de-enfermeria","https://serenfermera.com/10-cuidados-de-enfermeria","5","304","SiteExplorerUrls","False","","","Crear desde cero"
"P3","Cuidados clinicos y procedimientos","apendicectomia-cuidados-de-enfermeria","https://serenfermera.com/apendicectomia-cuidados-de-enfermeria","5","155","SiteExplorerUrls","False","","","Crear desde cero"
"P3","Cuidados clinicos y procedimientos","encuesta-valoracion-cuidados-de-enfermeria","https://serenfermera.com/encuesta-valoracion-cuidados-de-enfermeria","5","163","SiteExplorerUrls","False","","","Crear desde cero"
"P3","Cuidados clinicos y procedimientos","protocolo-higiene-cuidados-de-enfermeria","https://serenfermera.com/protocolo-higiene-cuidados-de-enfermeria/","5","19","PageTrafficReport","False","","","Crear desde cero"
"P3","Cuidados clinicos y procedimientos","cuidados-paliativos-enfermo-terminal-enfermeria","https://serenfermera.com/cuidados-paliativos-enfermo-terminal-enfermeria/","5","163","PageTrafficReport","False","","","Crear desde cero"
"P3","Cuidados clinicos y procedimientos","cuidados-de-enfermeria-en-tococirugia","https://serenfermera.com/cuidados-de-enfermeria-en-tococirugia/","5","163","PageTrafficReport","False","","","Crear desde cero"
"P3","Conceptos y fundamentos de enfermeria","enfermeria-comunitaria-prevencion-y-promocion-de-la-salud","https://serenfermera.com/enfermeria-comunitaria-prevencion-y-promocion-de-la-salud/","5","311","PageTrafficReport","False","","","Crear desde cero"
"P3","Cuidados clinicos y procedimientos","cuidados-de-enfermeria-cambios-posturales","https://serenfermera.com/cuidados-de-enfermeria-cambios-posturales/","5","405","PageTrafficReport","False","","","Crear desde cero"
"P3","Conceptos y fundamentos de enfermeria","funciones-procedimientos-y-tareas-auxiliar-enfermeria","https://serenfermera.com/funciones-procedimientos-y-tareas-auxiliar-enfermeria/","5","220","PageTrafficReport","False","","","Crear desde cero"
"P3","Conceptos y fundamentos de enfermeria","caducan-los-homeopaticos","https://serenfermera.com/caducan-los-homeopaticos/","5","172","Paginas","False","","","Crear desde cero"
"P3","Conceptos y fundamentos de enfermeria","rol-de-enfermeria-en-salud-mental","https://serenfermera.com/rol-de-enfermeria-en-salud-mental/","5","40","PageTrafficReport","False","","","Crear desde cero"
"P3","Carrera y desarrollo profesional","cuanto-gana-un-auxiliar-de-enfermeria-en-italia","https://serenfermera.com/cuanto-gana-un-auxiliar-de-enfermeria-en-italia","5","62","Paginas|SiteExplorerUrls","False","","","Crear desde cero"
"P3","Carrera y desarrollo profesional","convenio-colectivo-de-auxiliar-de-enfermeria-30128","https://serenfermera.com/convenio-colectivo-de-auxiliar-de-enfermeria-30128","4","215","SiteExplorerUrls","False","","","Crear desde cero"
"P3","Conceptos y fundamentos de enfermeria","cuanto-tiempo-debe-usar-el-masajeador-electrico","https://serenfermera.com/cuanto-tiempo-debe-usar-el-masajeador-electrico","4","43","SiteExplorerUrls","False","","","Crear desde cero"
"P3","Conceptos y fundamentos de enfermeria","psicologo-de-la-organizacion-industrial-pros-y-contras","https://serenfermera.com/psicologo-de-la-organizacion-industrial-pros-y-contras","4","29","SiteExplorerUrls","True","nursingprocess-blog","13 pros y contras de ser psicólogo industrial y organizacional","Reescribir desde legacy util"
"P3","Conceptos y fundamentos de enfermeria","mejor-respuesta-por-que-me-duele-tanto-despues-del-quiropractico","https://serenfermera.com/mejor-respuesta-por-que-me-duele-tanto-despues-del-quiropractico","4","45","SiteExplorerUrls","False","","","Crear desde cero"
"P3","Cuidados clinicos y procedimientos","cuidados-de-enfermeria-en-pacientes-con-enfermedades-respiratorias","https://serenfermera.com/cuidados-de-enfermeria-en-pacientes-con-enfermedades-respiratorias/","4","103","PageTrafficReport","False","","","Crear desde cero"
"P3","Conceptos y fundamentos de enfermeria","indicadores-de-calidad-en-enfermeria-secretaria-de-salud","https://serenfermera.com/indicadores-de-calidad-en-enfermeria-secretaria-de-salud","4","196","SiteExplorerUrls","False","","","Crear desde cero"
"P3","Cuidados clinicos y procedimientos","ejemplo-de-plan-de-cuidados-de-enfermeria-nanda","https://serenfermera.com/ejemplo-de-plan-de-cuidados-de-enfermeria-nanda/","4","63","PageTrafficReport","False","","","Crear desde cero"
"P3","Conceptos y fundamentos de enfermeria","cuidados-dependientes-independientes-e-interdependientes-de-enfermeria","https://serenfermera.com/cuidados-dependientes-independientes-e-interdependientes-de-enfermeria/","4","123","PageTrafficReport","False","","","Crear desde cero"
"P3","Conceptos y fundamentos de enfermeria","cuidados-enfermeria-tablon-en-blanco","https://serenfermera.com/cuidados-enfermeria-tablon-en-blanco","4","524","PageTrafficReport|SiteExplorerUrls","False","","","Crear desde cero"
"P3","Cuidados clinicos y procedimientos","plan-de-cuidados-y-plan-de-atencion-de-enfermeria","https://serenfermera.com/plan-de-cuidados-y-plan-de-atencion-de-enfermeria/","4","201","PageTrafficReport","False","","","Crear desde cero"
"P3","Cuidados clinicos y procedimientos","cuidados-de-enfermeria-en-la-unidad-quirurgica","https://serenfermera.com/cuidados-de-enfermeria-en-la-unidad-quirurgica/","4","167","PageTrafficReport","False","","","Crear desde cero"
"P3","Conceptos y fundamentos de enfermeria","cuidado-del-recien-nacido-enfermeria-sas","https://serenfermera.com/cuidado-del-recien-nacido-enfermeria-sas","4","288","SiteExplorerUrls","False","","","Crear desde cero"
"P3","Cuidados clinicos y procedimientos","cuidados-radioterapia-cancer-mama-enfermeria-tivino-gracia","https://serenfermera.com/cuidados-radioterapia-cancer-mama-enfermeria-tivino-gracia","4","22","SiteExplorerUrls","False","","","Crear desde cero"
"P3","Conceptos y fundamentos de enfermeria","rd-137-1984-de-estructuras-basicas-salud-que-regula-enfermeria","https://serenfermera.com/rd-137-1984-de-estructuras-basicas-salud-que-regula-enfermeria","4","364","SiteExplorerUrls","False","","","Crear desde cero"
"P3","Carrera y desarrollo profesional","cursos-logoss-auxiliar-de-enfermeria-paquetes-de-60-creditos","https://serenfermera.com/cursos-logoss-auxiliar-de-enfermeria-paquetes-de-60-creditos","4","304","SiteExplorerUrls","False","","","Crear desde cero"
"P3","Conceptos y fundamentos de enfermeria","cuidados-enfermeria-uci-paciente-politrauma","https://serenfermera.com/cuidados-enfermeria-uci-paciente-politrauma","4","54","SiteExplorerUrls","False","","","Crear desde cero"
"P3","Cuidados clinicos y procedimientos","plan-de-cuidados-de-enfermeria-en-neonatos-con-ventilacion-mecanica","https://serenfermera.com/plan-de-cuidados-de-enfermeria-en-neonatos-con-ventilacion-mecanica","4","123","SiteExplorerUrls","False","","","Crear desde cero"
"P3","Conceptos y fundamentos de enfermeria","con-que-frecuencia-debo-hacer-ejercicios-de-fisioterapia","https://serenfermera.com/con-que-frecuencia-debo-hacer-ejercicios-de-fisioterapia","4","31","SiteExplorerUrls","False","","","Crear desde cero"
"P3","Cuidados clinicos y procedimientos","historia-de-los-cuidados-de-enfermeria-anos-30","https://serenfermera.com/historia-de-los-cuidados-de-enfermeria-anos-30","4","46","SiteExplorerUrls","False","","","Crear desde cero"
"P3","Cuidados clinicos y procedimientos","asma-bronquial-plan-de-cuidados-de-enfermeria","https://serenfermera.com/asma-bronquial-plan-de-cuidados-de-enfermeria","4","132","SiteExplorerUrls","False","","","Crear desde cero"
"P3","Conceptos y fundamentos de enfermeria","psicologos-clinicos-pros-y-contras","https://serenfermera.com/psicologos-clinicos-pros-y-contras","4","54","SiteExplorerUrls","True","nursingprocess-blog","10 pros y contras de ser psicólogo clínico","Reescribir desde legacy util"
"P3","Conceptos y fundamentos de enfermeria","estudiar-tecnico-en-enfermeria-online","https://serenfermera.com/estudiar-tecnico-en-enfermeria-online","4","52","SiteExplorerUrls","False","","","Crear desde cero"
"P3","Carrera y desarrollo profesional","excrecion-de-farmacos-via-digestiva-auxiliar-de-enfermeria","https://serenfermera.com/excrecion-de-farmacos-via-digestiva-auxiliar-de-enfermeria","4","78","SiteExplorerUrls","False","","","Crear desde cero"
"P3","Conceptos y fundamentos de enfermeria","auxiliar-enfermeria-qhe-nivel-es","https://serenfermera.com/auxiliar-enfermeria-qhe-nivel-es","4","53","SiteExplorerUrls","False","","","Crear desde cero"
"P3","Conceptos y fundamentos de enfermeria","cuidados-enfermeria-nino-prematuro-amir","https://serenfermera.com/cuidados-enfermeria-nino-prematuro-amir","4","92","SiteExplorerUrls","False","","","Crear desde cero"
"P3","Carrera y desarrollo profesional","programas-de-salud-enfermeria-comunitaria","https://serenfermera.com/programas-de-salud-enfermeria-comunitaria","4","92","SiteExplorerUrls","False","","","Crear desde cero"
"P3","Cuidados clinicos y procedimientos","cuidados-de-enfermeria-en-crisis-asmatica","https://serenfermera.com/cuidados-de-enfermeria-en-crisis-asmatica","4","134","SiteExplorerUrls","False","","","Crear desde cero"
"P3","Conceptos y fundamentos de enfermeria","sindrome-confusional-agudo-cuidados-enfermeria-actuacion","https://serenfermera.com/sindrome-confusional-agudo-cuidados-enfermeria-actuacion","4","60","SiteExplorerUrls","False","","","Crear desde cero"
"P3","Conceptos y fundamentos de enfermeria","mis-metas-de-enfermeria-haz-el-bien-en-este-mundo","https://serenfermera.com/mis-metas-de-enfermeria-haz-el-bien-en-este-mundo","4","71","SiteExplorerUrls","False","","","Crear desde cero"
"P3","Conceptos y fundamentos de enfermeria","cuidados-enfermeria-sindrome-compartimental-hielo","https://serenfermera.com/cuidados-enfermeria-sindrome-compartimental-hielo","4","53","SiteExplorerUrls","False","","","Crear desde cero"
"P3","Conceptos y fundamentos de enfermeria","responsabilidad-profesional-y-tecnica-en-enfermeria","https://serenfermera.com/responsabilidad-profesional-y-tecnica-en-enfermeria/","4","31","PageTrafficReport","False","","","Crear desde cero"
"P3","Cuidados clinicos y procedimientos","drenaje-percutaneo-cuidados-de-enfermeria","https://serenfermera.com/drenaje-percutaneo-cuidados-de-enfermeria/","4","18","PageTrafficReport","False","","","Crear desde cero"
"P3","Cuidados clinicos y procedimientos","cuidados-de-enfermeria-post-transfusion-sanguinea","https://serenfermera.com/cuidados-de-enfermeria-post-transfusion-sanguinea/","4","12","PageTrafficReport","False","","","Crear desde cero"
"P3","Conceptos y fundamentos de enfermeria","su-pregunta-como-se-determina-la-potencia-homeopatica","https://serenfermera.com/su-pregunta-como-se-determina-la-potencia-homeopatica","3","254","SiteExplorerUrls","False","","","Crear desde cero"
"P3","Conceptos y fundamentos de enfermeria","respuesta-rapida-las-agujas-de-acupuntura-son-desechables","https://serenfermera.com/respuesta-rapida-las-agujas-de-acupuntura-son-desechables","3","15","SiteExplorerUrls","False","","","Crear desde cero"
"P3","Carrera y desarrollo profesional","modelos-nominas-auxiliar-de-enfermeria-hospital-word","https://serenfermera.com/modelos-nominas-auxiliar-de-enfermeria-hospital-word","3","40","SiteExplorerUrls","False","","","Crear desde cero"
"P3","Cuidados clinicos y procedimientos","hematuria-cuidados-de-enfermeria","https://serenfermera.com/hematuria-cuidados-de-enfermeria","3","125","SiteExplorerUrls","False","","","Crear desde cero"
"P3","Conceptos y fundamentos de enfermeria","cuidados-enfermeria-cateter-peritoneal-primera-cura-a-los-7-dias","https://serenfermera.com/cuidados-enfermeria-cateter-peritoneal-primera-cura-a-los-7-dias","3","126","SiteExplorerUrls","False","","","Crear desde cero"
"P3","Carrera y desarrollo profesional","auxiliar-de-enfermeria-sobre-aislamiento-hospitalari","https://serenfermera.com/auxiliar-de-enfermeria-sobre-aislamiento-hospitalari","3","171","SiteExplorerUrls","False","","","Crear desde cero"
"P3","Conceptos y fundamentos de enfermeria","10-consejos-para-las-enfermeras-en-el-turno-de-noche","https://serenfermera.com/10-consejos-para-las-enfermeras-en-el-turno-de-noche","3","54","SiteExplorerUrls","False","","","Crear desde cero"
"P3","Carrera y desarrollo profesional","trabajar-de-auxiliar-de-enfermeria-en-inglaterra","https://serenfermera.com/trabajar-de-auxiliar-de-enfermeria-en-inglaterra","3","22","SiteExplorerUrls","False","","","Crear desde cero"
"P3","Cuidados clinicos y procedimientos","afasia-cuidados-de-enfermeria","https://serenfermera.com/afasia-cuidados-de-enfermeria","3","43","SiteExplorerUrls","False","","","Crear desde cero"
"P3","Conceptos y fundamentos de enfermeria","profesionalismo-en-enfermeria","https://serenfermera.com/profesionalismo-en-enfermeria","3","157","SiteExplorerUrls","True","nursingprocess-blog","30 ejemplos de cómo demostrar profesionalismo en enfermería","Reescribir desde legacy util"
"P3","Cuidados clinicos y procedimientos","plan-de-cuidados-enfermeria-hospital-de-dia-oncologico","https://serenfermera.com/plan-de-cuidados-enfermeria-hospital-de-dia-oncologico","3","37","SiteExplorerUrls","False","","","Crear desde cero"
"P3","Carrera y desarrollo profesional","temas-de-auxiliar-de-enfermeria","https://serenfermera.com/temas-de-auxiliar-de-enfermeria","3","60","SiteExplorerUrls","False","","","Crear desde cero"
"P3","Conceptos y fundamentos de enfermeria","por-que-duelen-las-piernas-al-masajearlas","https://serenfermera.com/por-que-duelen-las-piernas-al-masajearlas","3","10","SiteExplorerUrls","False","","","Crear desde cero"
"P3","Cuidados clinicos y procedimientos","cuidados-de-enfermeria-en-pacientes-con-distrofia-muscular","https://serenfermera.com/cuidados-de-enfermeria-en-pacientes-con-distrofia-muscular","3","75","SiteExplorerUrls","False","","","Crear desde cero"
"P3","Carrera y desarrollo profesional","tipos-de-especialidades-de-enfermeria-practicante","https://serenfermera.com/tipos-de-especialidades-de-enfermeria-practicante","3","52","SiteExplorerUrls","True","nursingprocess-blog","14 tipos populares de especialidades y subespecialidades de enfermeras practicantes","Reescribir desde legacy util"
"P3","Conceptos y fundamentos de enfermeria","ua-enfermeria-salud-mental","https://serenfermera.com/ua-enfermeria-salud-mental","3","40","SiteExplorerUrls","False","","","Crear desde cero"
"P3","Conceptos y fundamentos de enfermeria","tecnico-auxiliar-enfermeria-trabajo-en-el-extranjero","https://serenfermera.com/tecnico-auxiliar-enfermeria-trabajo-en-el-extranjero","3","43","SiteExplorerUrls","False","","","Crear desde cero"
"P3","Conceptos y fundamentos de enfermeria","que-pueden-recetar-los-fisioterapeutas","https://serenfermera.com/que-pueden-recetar-los-fisioterapeutas","3","75","SiteExplorerUrls","False","","","Crear desde cero"
"P3","Conceptos y fundamentos de enfermeria","enfermera-de-nutricion","https://serenfermera.com/enfermera-de-nutricion","3","17","SiteExplorerUrls","True","nursingprocess-blog","10 ventajas y desventajas de ser una enfermera de nutrición + Salario + Pasos para convertirse","Reescribir desde legacy util"
"P3","Conceptos y fundamentos de enfermeria","are-physical-therapists-allowed-to-accept-gifts","https://serenfermera.com/are-physical-therapists-allowed-to-accept-gifts","3","70","SiteExplorerUrls","False","","","Crear desde cero"
"P3","Cuidados clinicos y procedimientos","cuidados-de-enfermeria-en-pacientes-con-hemofilia","https://serenfermera.com/cuidados-de-enfermeria-en-pacientes-con-hemofilia","3","138","SiteExplorerUrls","False","","","Crear desde cero"
"P3","Carrera y desarrollo profesional","grado-medio-auxiliar-de-enfermeria-online-gratis","https://serenfermera.com/grado-medio-auxiliar-de-enfermeria-online-gratis","3","109","SiteExplorerUrls","False","","","Crear desde cero"
"P3","Conceptos y fundamentos de enfermeria","por-que-es-malo-banarse-despues-del-masaje","https://serenfermera.com/por-que-es-malo-banarse-despues-del-masaje","3","47","SiteExplorerUrls","False","","","Crear desde cero"
"P3","Conceptos y fundamentos de enfermeria","cual-es-la-diferencia-entre-medicina-holistica-e-integrativa","https://serenfermera.com/cual-es-la-diferencia-entre-medicina-holistica-e-integrativa","3","45","SiteExplorerUrls","False","","","Crear desde cero"
"P3","Cuidados clinicos y procedimientos","protocolo-sondaje-vesical-cuidados-de-enfermeria","https://serenfermera.com/protocolo-sondaje-vesical-cuidados-de-enfermeria","3","95","SiteExplorerUrls","False","","","Crear desde cero"
"P3","Conceptos y fundamentos de enfermeria","cuantas-horas-trabajan-diariamente-los-fisioterapeutas","https://serenfermera.com/cuantas-horas-trabajan-diariamente-los-fisioterapeutas","3","33","SiteExplorerUrls","False","","","Crear desde cero"
"P3","Conceptos y fundamentos de enfermeria","cuales-son-las-desventajas-de-la-fisioterapia","https://serenfermera.com/cuales-son-las-desventajas-de-la-fisioterapia","3","53","SiteExplorerUrls","False","","","Crear desde cero"
"P3","Carrera y desarrollo profesional","tarjeta-auxiliar-de-enfermeria","https://serenfermera.com/tarjeta-auxiliar-de-enfermeria","3","169","SiteExplorerUrls","False","","","Crear desde cero"
"P3","Conceptos y fundamentos de enfermeria","cual-es-la-abreviatura-de-doctor-en-quiropractica","https://serenfermera.com/cual-es-la-abreviatura-de-doctor-en-quiropractica","3","57","SiteExplorerUrls","False","","","Crear desde cero"
"P3","Conceptos y fundamentos de enfermeria","pros-y-contras-de-los-trabajadores-sociales","https://serenfermera.com/pros-y-contras-de-los-trabajadores-sociales","3","105","SiteExplorerUrls","True","nursingprocess-blog","13 pros y contras de ser un trabajador social","Reescribir desde legacy util"
"P3","Conceptos y fundamentos de enfermeria","paso-nclex-que-sigue","https://serenfermera.com/paso-nclex-que-sigue","3","44","SiteExplorerUrls","True","nursingprocess-blog","12 PRÓXIMOS pasos a seguir después de aprobar NCLEX-RN","Reescribir desde legacy util"
"P3","Cuidados clinicos y procedimientos","cuidados-de-enfermeria-post-gastrectomia","https://serenfermera.com/cuidados-de-enfermeria-post-gastrectomia","3","112","SiteExplorerUrls","False","","","Crear desde cero"
"P3","Cuidados clinicos y procedimientos","intervencion-nutricional-sindrome-nefrotico-pediatria-cuidados-de-enfermeria","https://serenfermera.com/intervencion-nutricional-sindrome-nefrotico-pediatria-cuidados-de-enfermeria","3","105","SiteExplorerUrls","False","","","Crear desde cero"
"P3","Conceptos y fundamentos de enfermeria","despues-de-fallarse-nclex","https://serenfermera.com/despues-de-fallarse-nclex","3","31","SiteExplorerUrls","True","nursingprocess-blog","15 pasos para aprobar después de reprobar el NCLEX-RN","Reescribir desde legacy util"
"P3","Cuidados clinicos y procedimientos","cuidados-de-enfermeria-en-pacientes-con-hemorragia-digestiva-alta","https://serenfermera.com/cuidados-de-enfermeria-en-pacientes-con-hemorragia-digestiva-alta","3","117","SiteExplorerUrls","False","","","Crear desde cero"
"P3","Conceptos y fundamentos de enfermeria","que-hace-un-crna","https://serenfermera.com/que-hace-un-crna","3","264","SiteExplorerUrls","True","nursingprocess-blog","¿Qué hace un CRNA? (20 deberes y responsabilidades típicos)","Reescribir desde legacy util"
"P3","Carrera y desarrollo profesional","auxiliar-de-enfermeria-cuanto-dura","https://serenfermera.com/auxiliar-de-enfermeria-cuanto-dura","3","113","SiteExplorerUrls","False","","","Crear desde cero"
"P3","Conceptos y fundamentos de enfermeria","el-proceso-de-enfermeria-como-enfermera-administrativa","https://serenfermera.com/el-proceso-de-enfermeria-como-enfermera-administrativa","3","46","SiteExplorerUrls","False","","","Crear desde cero"
"P3","Conceptos y fundamentos de enfermeria","cuidados-enfermeria-enfermedad-ulcerosa-peptica","https://serenfermera.com/cuidados-enfermeria-enfermedad-ulcerosa-peptica","3","61","SiteExplorerUrls","False","","","Crear desde cero"
"P3","Conceptos y fundamentos de enfermeria","enfermera-de-viajes","https://serenfermera.com/enfermera-de-viajes","3","41","SiteExplorerUrls","True","nursingprocess-blog","¿Cómo convertirse en una enfermera especializada en viajes? (Respondido por un NP)","Reescribir desde legacy util"
"P3","Conceptos y fundamentos de enfermeria","responsabilidad-en-enfermeria","https://serenfermera.com/responsabilidad-en-enfermeria","3","50","SiteExplorerUrls","True","nursingprocess-blog","10 maneras de demostrar responsabilidad en la práctica de enfermería","Reescribir desde legacy util"
"P3","Cuidados clinicos y procedimientos","irc-cuidados-de-enfermeria","https://serenfermera.com/irc-cuidados-de-enfermeria/","3","32","PageTrafficReport","False","","","Crear desde cero"
"P3","Cuidados clinicos y procedimientos","cuidados-de-enfermeria-en-heridas-contaminadas","https://serenfermera.com/cuidados-de-enfermeria-en-heridas-contaminadas/","3","38","PageTrafficReport","False","","","Crear desde cero"
"P3","Cuidados clinicos y procedimientos","cuidados-de-enfermeria-paciente-con-ostomia","https://serenfermera.com/cuidados-de-enfermeria-paciente-con-ostomia/","3","2","PageTrafficReport","False","","","Crear desde cero"
"P3","Cuidados clinicos y procedimientos","cuidados-de-enfermeria-a-pacientes-neurologicos","https://serenfermera.com/cuidados-de-enfermeria-a-pacientes-neurologicos/","3","20","PageTrafficReport","False","","","Crear desde cero"
"P3","Cuidados clinicos y procedimientos","cuidados-de-enfermeria-en-paciente-intubado","https://serenfermera.com/cuidados-de-enfermeria-en-paciente-intubado/","3","105","PageTrafficReport","False","","","Crear desde cero"
"P3","Cuidados clinicos y procedimientos","registro-de-cuidados-de-enfermeria","https://serenfermera.com/registro-de-cuidados-de-enfermeria/","3","167","PageTrafficReport","False","","","Crear desde cero"
"P3","Conceptos y fundamentos de enfermeria","plantillas-salud-enfermeria-gratis","https://serenfermera.com/plantillas-salud-enfermeria-gratis/","3","75","PageTrafficReport","False","","","Crear desde cero"
"P3","Conceptos y fundamentos de enfermeria","valoracion-cuidados-enfermeria","https://serenfermera.com/valoracion-cuidados-enfermeria/","3","96","PageTrafficReport","False","","","Crear desde cero"
"P3","Conceptos y fundamentos de enfermeria","metodo-kap-educacion-para-la-salud-enfermeria","https://serenfermera.com/metodo-kap-educacion-para-la-salud-enfermeria/","3","5","PageTrafficReport","False","","","Crear desde cero"
"P3","Cuidados clinicos y procedimientos","cuidados-de-enfermeria-en-la-fase-de-agonia","https://serenfermera.com/cuidados-de-enfermeria-en-la-fase-de-agonia/","3","4","PageTrafficReport","False","","","Crear desde cero"
"P3","Conceptos y fundamentos de enfermeria","conocimientos-importantes-enfermeria-cuidados-intensivos","https://serenfermera.com/conocimientos-importantes-enfermeria-cuidados-intensivos/","3","6","PageTrafficReport","False","","","Crear desde cero"
"P3","Cuidados clinicos y procedimientos","arritmia-cardiaca-cuidados-de-enfermeria","https://serenfermera.com/arritmia-cardiaca-cuidados-de-enfermeria/","3","8","PageTrafficReport","False","","","Crear desde cero"
"P3","Conceptos y fundamentos de enfermeria","mantenimiento-y-proteccion-de-salud-obligacion-de-enfermeria","https://serenfermera.com/mantenimiento-y-proteccion-de-salud-obligacion-de-enfermeria/","3","15","PageTrafficReport","False","","","Crear desde cero"
"P3","Cuidados clinicos y procedimientos","cistostomia-suprapubica-cuidados-de-enfermeria","https://serenfermera.com/cistostomia-suprapubica-cuidados-de-enfermeria/","3","19","PageTrafficReport","False","","","Crear desde cero"
"P3","Cuidados clinicos y procedimientos","cuidados-de-enfermeria-en-pacientes-con-sindrome-de-guillain-barre","https://serenfermera.com/cuidados-de-enfermeria-en-pacientes-con-sindrome-de-guillain-barre/","3","4","PageTrafficReport","False","","","Crear desde cero"
"P3","Cuidados clinicos y procedimientos","plan-de-cuidados-de-enfermeria-en-ninos-con-neumonia","https://serenfermera.com/plan-de-cuidados-de-enfermeria-en-ninos-con-neumonia/","3","2","PageTrafficReport","False","","","Crear desde cero"
"P3","Conceptos y fundamentos de enfermeria","usted-pregunto-por-que-eructo-cuando-recibo-un-masaje","https://serenfermera.com/usted-pregunto-por-que-eructo-cuando-recibo-un-masaje/","3","224","Paginas","False","","","Crear desde cero"
"P3","Conceptos y fundamentos de enfermeria","puede-la-homeopatia-curar-la-enfermedad-del-higado","https://serenfermera.com/puede-la-homeopatia-curar-la-enfermedad-del-higado/","3","48","Paginas","False","","","Crear desde cero"
"P3","Cuidados clinicos y procedimientos","diferentes-tipos-de-shock-y-cuidados-de-enfermeria","https://serenfermera.com/diferentes-tipos-de-shock-y-cuidados-de-enfermeria/","3","169","PageTrafficReport","False","","","Crear desde cero"
"P3","Conceptos y fundamentos de enfermeria","enfermera-de-dermatologia","https://serenfermera.com/enfermera-de-dermatologia","2","19","SiteExplorerUrls","True","nursingprocess-blog","¿Qué es una enfermera practicante de dermatología? (Respondido por una enfermera)","Reescribir desde legacy util"
"P3","Conceptos y fundamentos de enfermeria","pueden-los-quiropracticos-facturar-codigos-de-evaluacion-y-gestion","https://serenfermera.com/pueden-los-quiropracticos-facturar-codigos-de-evaluacion-y-gestion","2","39","SiteExplorerUrls","False","","","Crear desde cero"
"P3","Conceptos y fundamentos de enfermeria","float-pool-enfermera-pros-y-contras","https://serenfermera.com/float-pool-enfermera-pros-y-contras","2","28","SiteExplorerUrls","True","nursingprocess-blog","10 pros y contras de ser una enfermera de piscina flotante","Reescribir desde legacy util"
"P3","Carrera y desarrollo profesional","actividades-de-auxiliar-de-enfermeria-en-hospitalizacion","https://serenfermera.com/actividades-de-auxiliar-de-enfermeria-en-hospitalizacion","2","42","SiteExplorerUrls","False","","","Crear desde cero"
"P3","Carrera y desarrollo profesional","funciones-del-auxiliar-de-enfermeria-en-hospital-psiquiatrico","https://serenfermera.com/funciones-del-auxiliar-de-enfermeria-en-hospital-psiquiatrico","2","5","SiteExplorerUrls","False","","","Crear desde cero"
"P3","Conceptos y fundamentos de enfermeria","funciones-de-tecnico-superior-en-enfermeria","https://serenfermera.com/funciones-de-tecnico-superior-en-enfermeria","2","23","SiteExplorerUrls","False","","","Crear desde cero"
"P3","Cuidados clinicos y procedimientos","cuidados-de-enfermeria-en-radioterapia","https://serenfermera.com/cuidados-de-enfermeria-en-radioterapia","2","142","SiteExplorerUrls","False","","","Crear desde cero"
"P3","Recursos y plantillas","valoracion-de-enfermeria-patron-de-persepcion-de-la-salud-ejemplos","https://serenfermera.com/valoracion-de-enfermeria-patron-de-persepcion-de-la-salud-ejemplos","2","234","SiteExplorerUrls","False","","","Crear desde cero"
"P3","Conceptos y fundamentos de enfermeria","tu-pregunta-donde-puedo-conseguir-un-masaje-en-sims-4","https://serenfermera.com/tu-pregunta-donde-puedo-conseguir-un-masaje-en-sims-4","2","13","SiteExplorerUrls","False","","","Crear desde cero"
"P3","Conceptos y fundamentos de enfermeria","diferencia-entre-area-de-salud-y-zona-basica-enfermeria","https://serenfermera.com/diferencia-entre-area-de-salud-y-zona-basica-enfermeria","2","340","SiteExplorerUrls","False","","","Crear desde cero"
"P3","Carrera y desarrollo profesional","prerrequisitos-de-la-escuela-de-enfermeria","https://serenfermera.com/prerrequisitos-de-la-escuela-de-enfermeria","2","87","SiteExplorerUrls","True","nursingprocess-blog","15 requisitos previos más comunes para la escuela de enfermería","Reescribir desde legacy util"
"P3","Cuidados clinicos y procedimientos","diabetes-mellitus-tipo-1-y-2-cuidados-de-enfermeria","https://serenfermera.com/diabetes-mellitus-tipo-1-y-2-cuidados-de-enfermeria","2","79","SiteExplorerUrls","False","","","Crear desde cero"
"P3","Conceptos y fundamentos de enfermeria","enfermera-de-la-marina","https://serenfermera.com/enfermera-de-la-marina","2","65","SiteExplorerUrls","True","nursingprocess-blog","10 pros y contras de ser enfermero de la Armada + Salario + Pasos para convertirse","Reescribir desde legacy util"
"P3","Cuidados clinicos y procedimientos","paginas-onlineplanes-de-cuidados-de-enfermeria","https://serenfermera.com/paginas-onlineplanes-de-cuidados-de-enfermeria","2","45","SiteExplorerUrls","False","","","Crear desde cero"
"P3","Conceptos y fundamentos de enfermeria","como-pasar-nclex-por-primera-vez","https://serenfermera.com/como-pasar-nclex-por-primera-vez","2","105","SiteExplorerUrls","True","nursingprocess-blog","Cómo aprobar el NCLEX-RN por primera vez: 18 cosas que hacer y no hacer","Reescribir desde legacy util"
"P3","Conceptos y fundamentos de enfermeria","pregunta-cuanto-tiempo-duran-las-gotas-homeopaticas","https://serenfermera.com/pregunta-cuanto-tiempo-duran-las-gotas-homeopaticas","2","20","SiteExplorerUrls","False","","","Crear desde cero"
"P3","Conceptos y fundamentos de enfermeria","como-se-drena-el-liquido-de-los-oidos-despues-del-masaje","https://serenfermera.com/como-se-drena-el-liquido-de-los-oidos-despues-del-masaje","2","15","SiteExplorerUrls","False","","","Crear desde cero"
"P3","Conceptos y fundamentos de enfermeria","que-son-las-camas-de-hidromasaje","https://serenfermera.com/que-son-las-camas-de-hidromasaje","2","24","SiteExplorerUrls","False","","","Crear desde cero"
"P3","Conceptos y fundamentos de enfermeria","farmacia-tecnico-pros-y-contras","https://serenfermera.com/farmacia-tecnico-pros-y-contras","2","30","SiteExplorerUrls","True","nursingprocess-blog","13 pros y contras de ser técnico de farmacia","Reescribir desde legacy util"
"P3","Conceptos y fundamentos de enfermeria","tecnica-ecoguiada-enfermeria-angie","https://serenfermera.com/tecnica-ecoguiada-enfermeria-angie","2","33","SiteExplorerUrls","False","","","Crear desde cero"
"P3","Cuidados clinicos y procedimientos","tromboflebitis-cuidados-de-enfermeria","https://serenfermera.com/tromboflebitis-cuidados-de-enfermeria","2","56","SiteExplorerUrls","False","","","Crear desde cero"
"P3","Conceptos y fundamentos de enfermeria","cuales-son-los-5-movimientos-basicos-del-masaje","https://serenfermera.com/cuales-son-los-5-movimientos-basicos-del-masaje","2","142","SiteExplorerUrls","False","","","Crear desde cero"
"P3","Cuidados clinicos y procedimientos","puncion-transparietohepatica-cuidados-de-enfermeria","https://serenfermera.com/puncion-transparietohepatica-cuidados-de-enfermeria","2","24","SiteExplorerUrls","False","","","Crear desde cero"
"P3","Conceptos y fundamentos de enfermeria","pregunta-frecuente-donde-esta-el-punto-de-acupuntura-li4","https://serenfermera.com/pregunta-frecuente-donde-esta-el-punto-de-acupuntura-li4","2","238","SiteExplorerUrls","False","","","Crear desde cero"
"P3","Cuidados clinicos y procedimientos","cuidados-postoperatorios-de-enfermeria-bano","https://serenfermera.com/cuidados-postoperatorios-de-enfermeria-bano","2","45","SiteExplorerUrls","False","","","Crear desde cero"
"P3","Cuidados clinicos y procedimientos","postectomia-cuidados-de-enfermeria","https://serenfermera.com/postectomia-cuidados-de-enfermeria","2","235","SiteExplorerUrls","False","","","Crear desde cero"
"P3","Conceptos y fundamentos de enfermeria","tu-pregunta-se-puede-hacer-acupuntura-a-traves-de-la-ropa","https://serenfermera.com/tu-pregunta-se-puede-hacer-acupuntura-a-traves-de-la-ropa","2","6","SiteExplorerUrls","False","","","Crear desde cero"
"P3","Cuidados clinicos y procedimientos","fimosis-cuidados-de-enfermeria","https://serenfermera.com/fimosis-cuidados-de-enfermeria","2","70","SiteExplorerUrls","False","","","Crear desde cero"
"P3","Conceptos y fundamentos de enfermeria","es-la-quiropractica-una-nueva-era","https://serenfermera.com/es-la-quiropractica-una-nueva-era","2","5","SiteExplorerUrls","False","","","Crear desde cero"
"P3","Conceptos y fundamentos de enfermeria","revisiones-tecnicas-de-enfermeria","https://serenfermera.com/revisiones-tecnicas-de-enfermeria","2","83","SiteExplorerUrls","False","","","Crear desde cero"
"P3","Cuidados clinicos y procedimientos","ptosis-renal-cuidados-de-enfermeria","https://serenfermera.com/ptosis-renal-cuidados-de-enfermeria","2","424","SiteExplorerUrls","False","","","Crear desde cero"
"P3","Conceptos y fundamentos de enfermeria","10-diferencias-entre-un-hospital-publico-sin-fines-de-lucro-y-un-hospital-privado-corporativo-con-fines-de-lucro","https://serenfermera.com/10-diferencias-entre-un-hospital-publico-sin-fines-de-lucro-y-un-hospital-privado-corporativo-con-fines-de-lucro","2","38","SiteExplorerUrls","False","","","Crear desde cero"
"P3","Conceptos y fundamentos de enfermeria","los-fisioterapeutas-usan-estetoscopios","https://serenfermera.com/los-fisioterapeutas-usan-estetoscopios","2","10","SiteExplorerUrls","False","","","Crear desde cero"
"P3","Carrera y desarrollo profesional","lesions-musculoesqueletiques-en-la-actividad-de-auxiliar-de-enfermeria","https://serenfermera.com/lesions-musculoesqueletiques-en-la-actividad-de-auxiliar-de-enfermeria","2","41","SiteExplorerUrls","False","","","Crear desde cero"
"P3","Conceptos y fundamentos de enfermeria","las-mejores-escuelas-de-enfermeria-historicamente-negras","https://serenfermera.com/las-mejores-escuelas-de-enfermeria-historicamente-negras","2","2","SiteExplorerUrls","True","nursingprocess-blog","Las mejores escuelas de enfermería históricamente negras (HBCU) en la nación - 2022","Reescribir desde legacy util"
"P3","Conceptos y fundamentos de enfermeria","como-me-convierto-en-masajista-en-arizona","https://serenfermera.com/como-me-convierto-en-masajista-en-arizona","2","3","SiteExplorerUrls","False","","","Crear desde cero"
"P3","Cuidados clinicos y procedimientos","cuidados-de-enfermeria-en-pacientes-con-impella","https://serenfermera.com/cuidados-de-enfermeria-en-pacientes-con-impella","2","190","SiteExplorerUrls","False","","","Crear desde cero"
"P3","Conceptos y fundamentos de enfermeria","usted-pregunto-que-hace-el-masaje-carotideo","https://serenfermera.com/usted-pregunto-que-hace-el-masaje-carotideo","2","205","SiteExplorerUrls","False","","","Crear desde cero"
"P3","Carrera y desarrollo profesional","aspectos-legales-para-trabajar-de-auxiliar-de-enfermeria","https://serenfermera.com/aspectos-legales-para-trabajar-de-auxiliar-de-enfermeria","2","47","SiteExplorerUrls","False","","","Crear desde cero"
"P3","Conceptos y fundamentos de enfermeria","quien-es-el-mejor-fisioterapeuta","https://serenfermera.com/quien-es-el-mejor-fisioterapeuta","2","46","SiteExplorerUrls","False","","","Crear desde cero"
"P3","Conceptos y fundamentos de enfermeria","para-que-se-utiliza-el-gelsemium-en-homeopatia","https://serenfermera.com/para-que-se-utiliza-el-gelsemium-en-homeopatia","2","64","SiteExplorerUrls","False","","","Crear desde cero"
"P3","Conceptos y fundamentos de enfermeria","como-abordar-el-patron-de-la-sexualidad-enfermeria-salud-mental","https://serenfermera.com/como-abordar-el-patron-de-la-sexualidad-enfermeria-salud-mental","2","54","SiteExplorerUrls","False","","","Crear desde cero"
"P3","Carrera y desarrollo profesional","trabajar-de-auxiliar-de-enfermeria-sin-titulo","https://serenfermera.com/trabajar-de-auxiliar-de-enfermeria-sin-titulo","2","30","SiteExplorerUrls","False","","","Crear desde cero"
"P3","Carrera y desarrollo profesional","frases-de-auxiliar-de-enfermeria-escritas-en-un-llavero","https://serenfermera.com/frases-de-auxiliar-de-enfermeria-escritas-en-un-llavero","2","88","SiteExplorerUrls","False","","","Crear desde cero"
"P3","Cuidados clinicos y procedimientos","valoracion-y-cuidados-de-enfermeria-en-la-adolescencia","https://serenfermera.com/valoracion-y-cuidados-de-enfermeria-en-la-adolescencia","2","68","SiteExplorerUrls","False","","","Crear desde cero"
"P3","Carrera y desarrollo profesional","auxiliar-de-enfermeria-pruebas-libres-online","https://serenfermera.com/auxiliar-de-enfermeria-pruebas-libres-online","2","25","SiteExplorerUrls","False","","","Crear desde cero"
"P3","Conceptos y fundamentos de enfermeria","tipos-de-trabajadores-sociales","https://serenfermera.com/tipos-de-trabajadores-sociales","2","65","SiteExplorerUrls","True","nursingprocess-blog","19 diferentes tipos de trabajadores sociales: salarios y perspectivas","Reescribir desde legacy util"
"P3","Carrera y desarrollo profesional","cuales-son-los-tipos-de-auxiliar-de-enfermeria","https://serenfermera.com/cuales-son-los-tipos-de-auxiliar-de-enfermeria","2","25","SiteExplorerUrls","False","","","Crear desde cero"
"P3","Conceptos y fundamentos de enfermeria","por-que-no-hacer-ejercicio-despues-de-un-masaje","https://serenfermera.com/por-que-no-hacer-ejercicio-despues-de-un-masaje","2","18","SiteExplorerUrls","False","","","Crear desde cero"
"P3","Cuidados clinicos y procedimientos","ramsay-hunt-plan-de-cuidados-de-enfermeria","https://serenfermera.com/ramsay-hunt-plan-de-cuidados-de-enfermeria","2","5","SiteExplorerUrls","False","","","Crear desde cero"
"P3","Cuidados clinicos y procedimientos","cuidados-de-enfermeria-durante-pericardiocentesis","https://serenfermera.com/cuidados-de-enfermeria-durante-pericardiocentesis","2","36","SiteExplorerUrls","False","","","Crear desde cero"
"P3","Cuidados clinicos y procedimientos","gastritis-cuidados-de-enfermeria","https://serenfermera.com/gastritis-cuidados-de-enfermeria","2","173","SiteExplorerUrls","False","","","Crear desde cero"
"P3","Conceptos y fundamentos de enfermeria","psicologos-escolar-pros-y-contras","https://serenfermera.com/psicologos-escolar-pros-y-contras","2","20","SiteExplorerUrls","True","nursingprocess-blog","10 pros y contras de ser psicólogo escolar","Reescribir desde legacy util"
"P3","Conceptos y fundamentos de enfermeria","importancia-del-tecnico-de-enfermeria","https://serenfermera.com/importancia-del-tecnico-de-enfermeria","2","109","SiteExplorerUrls","False","","","Crear desde cero"
"P3","Cuidados clinicos y procedimientos","capacitacion-enfermeria-cuidados-paliativos-medicina-paliativa","https://serenfermera.com/capacitacion-enfermeria-cuidados-paliativos-medicina-paliativa","2","32","SiteExplorerUrls","False","","","Crear desde cero"
"P3","Conceptos y fundamentos de enfermeria","enfermeria-en-salud-mental","https://serenfermera.com/enfermeria-en-salud-mental/","2","51","PageTrafficReport","False","","","Crear desde cero"
"P3","Cuidados clinicos y procedimientos","plan-de-cuidados-de-enfermeria-en-pacientes-con-adicciones","https://serenfermera.com/plan-de-cuidados-de-enfermeria-en-pacientes-con-adicciones/","2","38","PageTrafficReport","False","","","Crear desde cero"
"P3","Cuidados clinicos y procedimientos","cateter-umbilical-cuidados-de-enfermeria","https://serenfermera.com/cateter-umbilical-cuidados-de-enfermeria/","2","28","PageTrafficReport","False","","","Crear desde cero"
"P3","Cuidados clinicos y procedimientos","cuidados-de-enfermeria-al-ingreso-del-paciente","https://serenfermera.com/cuidados-de-enfermeria-al-ingreso-del-paciente/","2","88","PageTrafficReport","False","","","Crear desde cero"
"P3","Cuidados clinicos y procedimientos","posiciones-quirurgicas-cuidados-de-enfermeria-y-prevencion-de-complicaciones","https://serenfermera.com/posiciones-quirurgicas-cuidados-de-enfermeria-y-prevencion-de-complicaciones/","2","61","PageTrafficReport","False","","","Crear desde cero"
"P3","Cuidados clinicos y procedimientos","plan-de-cuidados-de-enfermeria-embarazo","https://serenfermera.com/plan-de-cuidados-de-enfermeria-embarazo/","2","53","PageTrafficReport","False","","","Crear desde cero"
"P3","Cuidados clinicos y procedimientos","cuidados-de-enfermeria-en-pacientes-nefrologicos","https://serenfermera.com/cuidados-de-enfermeria-en-pacientes-nefrologicos/","2","24","PageTrafficReport","False","","","Crear desde cero"
"P3","Carrera y desarrollo profesional","auxiliar-de-enfermeria-que-grupo-de-cotizacion-es","https://serenfermera.com/auxiliar-de-enfermeria-que-grupo-de-cotizacion-es/","2","10","PageTrafficReport","False","","","Crear desde cero"
"P3","Cuidados clinicos y procedimientos","cuidados-de-enfermeria-despues-de-una-cesarea","https://serenfermera.com/cuidados-de-enfermeria-despues-de-una-cesarea/","2","10","PageTrafficReport","False","","","Crear desde cero"
"P3","Conceptos y fundamentos de enfermeria","cuidado-de-enfermeris-psiquiatria","https://serenfermera.com/cuidado-de-enfermeris-psiquiatria/","2","9","PageTrafficReport","False","","","Crear desde cero"
"P3","Cuidados clinicos y procedimientos","oxigenoterapia-neonatal-cuidados-de-enfermeria","https://serenfermera.com/oxigenoterapia-neonatal-cuidados-de-enfermeria/","2","24","PageTrafficReport","False","","","Crear desde cero"
"P3","Cuidados clinicos y procedimientos","cateter-venoso-central-cuidados-de-enfermeria-uc","https://serenfermera.com/cateter-venoso-central-cuidados-de-enfermeria-uc/","2","19","PageTrafficReport","False","","","Crear desde cero"
"P3","Cuidados clinicos y procedimientos","cuidados-de-enfermeria-post-apendicectomia","https://serenfermera.com/cuidados-de-enfermeria-post-apendicectomia/","2","11","PageTrafficReport","False","","","Crear desde cero"
"P3","Conceptos y fundamentos de enfermeria","importancia-de-la-promocion-de-la-salud-en-enfermeria","https://serenfermera.com/importancia-de-la-promocion-de-la-salud-en-enfermeria/","2","115","PageTrafficReport","False","","","Crear desde cero"
"P3","Conceptos y fundamentos de enfermeria","respuesta-rapida-cual-es-el-significado-de-3x-en-homeopatia","https://serenfermera.com/respuesta-rapida-cual-es-el-significado-de-3x-en-homeopatia/","2","58","Paginas","False","","","Crear desde cero"
"P3","Conceptos y fundamentos de enfermeria","pregunta-frecuente-tengo-que-desvestirme-para-el-quiropractico","https://serenfermera.com/pregunta-frecuente-tengo-que-desvestirme-para-el-quiropractico/","2","33","Paginas","False","","","Crear desde cero"
"P3","Conceptos y fundamentos de enfermeria","does-aarp-united-healthcare-cover-massage-therapy","https://serenfermera.com/does-aarp-united-healthcare-cover-massage-therapy/","2","28","Paginas","False","","","Crear desde cero"
"P3","Carrera y desarrollo profesional","cursos-auxiliar-de-enfermeria-on-line-gratis","https://serenfermera.com/cursos-auxiliar-de-enfermeria-on-line-gratis/","2","162","Paginas","False","","","Crear desde cero"
"P3","Conceptos y fundamentos de enfermeria","puede-ayurveda-curar-el-liquen-plano","https://serenfermera.com/puede-ayurveda-curar-el-liquen-plano/","2","121","Paginas","False","","","Crear desde cero"
"P3","Cuidados clinicos y procedimientos","enalapril-vademecum-cuidados-de-enfermeria","https://serenfermera.com/enalapril-vademecum-cuidados-de-enfermeria/","2","84","Paginas","False","","","Crear desde cero"
"P3","Carrera y desarrollo profesional","modelo-contrato-auxiliar-de-enfermeria-word","https://serenfermera.com/modelo-contrato-auxiliar-de-enfermeria-word/","2","16","Paginas","False","","","Crear desde cero"
"P3","Conceptos y fundamentos de enfermeria","alba-nerin-auxiliar-enfermeria-mutua-terrassa","https://serenfermera.com/alba-nerin-auxiliar-enfermeria-mutua-terrassa/","2","5","Paginas","False","","","Crear desde cero"
"P3","Cuidados clinicos y procedimientos","marasmo-cuidados-de-enfermeria","https://serenfermera.com/marasmo-cuidados-de-enfermeria/","2","4","Paginas","False","","","Crear desde cero"
"P3","Cuidados clinicos y procedimientos","curso-fuden-tablon-en-blanco-cuidados-de-enfermeria-en-urgenciaw","https://serenfermera.com/curso-fuden-tablon-en-blanco-cuidados-de-enfermeria-en-urgenciaw/","2","194","PageTrafficReport","False","","","Crear desde cero"
"P3","Conceptos y fundamentos de enfermeria","enfermeria-salud-sexual-i-reproductiva","https://serenfermera.com/enfermeria-salud-sexual-i-reproductiva/","2","11","Paginas","False","","","Crear desde cero"
"P3","Carrera y desarrollo profesional","definicion-de-auxiliar-de-enfermeria-en-guatemala","https://serenfermera.com/definicion-de-auxiliar-de-enfermeria-en-guatemala/","2","11","Paginas","False","","","Crear desde cero"
"P3","Conceptos y fundamentos de enfermeria","cuanto-gana-el-fisioterapeuta-al-mes-en-sudafrica","https://serenfermera.com/cuanto-gana-el-fisioterapeuta-al-mes-en-sudafrica/","2","6","Paginas","False","","","Crear desde cero"
"P3","Carrera y desarrollo profesional","competencias-y-habilidades-de-auxiliar-de-enfermeria","https://serenfermera.com/competencias-y-habilidades-de-auxiliar-de-enfermeria/","2","9","PageTrafficReport","False","","","Crear desde cero"
"P3","Conceptos y fundamentos de enfermeria","puedo-ir-al-gimnasio-despues-de-la-acupuntura","https://serenfermera.com/puedo-ir-al-gimnasio-despues-de-la-acupuntura","2","14","SiteExplorerUrls","False","","","Crear desde cero"
"P3","Conceptos y fundamentos de enfermeria","cuidando-enfermeria","https://serenfermera.com/cuidando-enfermeria","2","242","SiteExplorerUrls","False","","","Crear desde cero"
"P3","Conceptos y fundamentos de enfermeria","pregunta-frecuente-que-ropa-lleva-un-fisioterapeuta","https://serenfermera.com/pregunta-frecuente-que-ropa-lleva-un-fisioterapeuta","2","18","SiteExplorerUrls","False","","","Crear desde cero"
"P3","Cuidados clinicos y procedimientos","microtia-cuidados-de-enfermeria","https://serenfermera.com/microtia-cuidados-de-enfermeria","2","12","SiteExplorerUrls","False","","","Crear desde cero"
"P3","Conceptos y fundamentos de enfermeria","que-medicamentos-puede-recetar-un-naturopata","https://serenfermera.com/que-medicamentos-puede-recetar-un-naturopata","2","12","SiteExplorerUrls","False","","","Crear desde cero"
"P3","Cuidados clinicos y procedimientos","angina-inestable-cuidados-de-enfermeria-que-es","https://serenfermera.com/angina-inestable-cuidados-de-enfermeria-que-es","2","47","SiteExplorerUrls","False","","","Crear desde cero"
"P3","Conceptos y fundamentos de enfermeria","cuidados-enfermeria-itu-pediatrica","https://serenfermera.com/cuidados-enfermeria-itu-pediatrica","2","40","SiteExplorerUrls","False","","","Crear desde cero"
"P3","Carrera y desarrollo profesional","tbe-auxiliar-de-enfermeria","https://serenfermera.com/tbe-auxiliar-de-enfermeria","2","31","SiteExplorerUrls","False","","","Crear desde cero"
"P3","Carrera y desarrollo profesional","las-clases-mas-dificiles-en-la-escuela-de-enfermeria","https://serenfermera.com/las-clases-mas-dificiles-en-la-escuela-de-enfermeria","2","28","SiteExplorerUrls","True","nursingprocess-blog","Las 6 clases más difíciles en la escuela de enfermería y formas de sobrevivirlas","Reescribir desde legacy util"
"P3","Conceptos y fundamentos de enfermeria","es-dificil-ser-fisioterapeuta","https://serenfermera.com/es-dificil-ser-fisioterapeuta","2","51","SiteExplorerUrls","False","","","Crear desde cero"
"P3","Conceptos y fundamentos de enfermeria","que-significa-cuando-te-salen-moretones-despues-de-la-acupuntura","https://serenfermera.com/que-significa-cuando-te-salen-moretones-despues-de-la-acupuntura","2","24","SiteExplorerUrls","False","","","Crear desde cero"
"P3","Conceptos y fundamentos de enfermeria","tu-pregunta-la-acupuntura-puede-regenerar-los-nervios","https://serenfermera.com/tu-pregunta-la-acupuntura-puede-regenerar-los-nervios","2","5","SiteExplorerUrls","False","","","Crear desde cero"
"P3","Conceptos y fundamentos de enfermeria","cuanto-dinero-gana-un-quiropractico-al-ano-en-canada","https://serenfermera.com/cuanto-dinero-gana-un-quiropractico-al-ano-en-canada","2","2","SiteExplorerUrls","False","","","Crear desde cero"
"P3","Conceptos y fundamentos de enfermeria","cuanto-tiempo-debe-durar-una-sesion-de-quiropractica","https://serenfermera.com/cuanto-tiempo-debe-durar-una-sesion-de-quiropractica","2","29","SiteExplorerUrls","False","","","Crear desde cero"
"P3","Conceptos y fundamentos de enfermeria","planificacion-de-cuidados-de-auxiliar-enfermeria-paciente-con-ictus","https://serenfermera.com/planificacion-de-cuidados-de-auxiliar-enfermeria-paciente-con-ictus/","2","4","PageTrafficReport","False","","","Crear desde cero"
"P3","Conceptos y fundamentos de enfermeria","proceso-enfermeria-cuidados-bypass-preoperatorio","https://serenfermera.com/proceso-enfermeria-cuidados-bypass-preoperatorio/","2","2","PageTrafficReport","False","","","Crear desde cero"
"P3","Cuidados clinicos y procedimientos","cuidados-de-enfermeria-en-fracturas","https://serenfermera.com/cuidados-de-enfermeria-en-fracturas/","2","2","PageTrafficReport","False","","","Crear desde cero"
"P3","Carrera y desarrollo profesional","como-homologar-el-titulo-de-auxiliar-de-enfermeria-en-espana","https://serenfermera.com/como-homologar-el-titulo-de-auxiliar-de-enfermeria-en-espana/","2","9","PageTrafficReport","False","","","Crear desde cero"
"P3","Conceptos y fundamentos de enfermeria","vasectomia-tecnica-quirurgica-enfermeria","https://serenfermera.com/vasectomia-tecnica-quirurgica-enfermeria/","2","9","PageTrafficReport","False","","","Crear desde cero"
"P3","Cuidados clinicos y procedimientos","cuidados-de-enfermeria-en-paciente-con-colostomia","https://serenfermera.com/cuidados-de-enfermeria-en-paciente-con-colostomia/","2","6","PageTrafficReport","False","","","Crear desde cero"
"P3","Cuidados clinicos y procedimientos","metamizol-vademecum-cuidados-de-enfermeria","https://serenfermera.com/metamizol-vademecum-cuidados-de-enfermeria/","2","2","PageTrafficReport","False","","","Crear desde cero"
"P3","Carrera y desarrollo profesional","convocatoria-auxiliar-de-enfermeria-andaliucia","https://serenfermera.com/convocatoria-auxiliar-de-enfermeria-andaliucia","2","17","SiteExplorerUrls","False","","","Crear desde cero"
"P3","Carrera y desarrollo profesional","primer-dia-de-enfermera-practicante","https://serenfermera.com/primer-dia-de-enfermera-practicante","2","39","SiteExplorerUrls","True","nursingprocess-blog","16 cosas que DEBES HACER en tu primer día como enfermera practicante","Reescribir desde legacy util"
"P3","Conceptos y fundamentos de enfermeria","crucero","https://serenfermera.com/crucero","2","31","SiteExplorerUrls","True","nursingprocess-blog","10 ventajas y desventajas de ser enfermera en un crucero","Reescribir desde legacy util"
"P3","Carrera y desarrollo profesional","cuidados-de-la-laparotomia-auxiliar-de-enfermeria","https://serenfermera.com/cuidados-de-la-laparotomia-auxiliar-de-enfermeria/","2","2","PageTrafficReport","False","","","Crear desde cero"
"P3","Conceptos y fundamentos de enfermeria","enfermera-de-la-ucin","https://serenfermera.com/enfermera-de-la-ucin","2","17","SiteExplorerUrls","True","nursingprocess-blog","Pasos para convertirse en una enfermera de NICU + Salario + Pros y contras","Reescribir desde legacy util"
"P3","Cuidados clinicos y procedimientos","cuidados-de-enfermeria-paciente-con-gastrectomia","https://serenfermera.com/cuidados-de-enfermeria-paciente-con-gastrectomia","2","70","SiteExplorerUrls","False","","","Crear desde cero"
