"page_type","publish_path","navigation_label","parent_hub","template","migration_priority","production_wave","total_clicks","total_impressions","legacy_url_preserved","notes"
"core","/","Inicio","","home","Core","Foundation","","","n/a","Homepage orientada a problemas y recursos"
"hub","/fundamentos-de-enfermeria/","Fundamentos","/","hub","Core","Foundation","","","no","Conceptos base y terminologia"
"hub","/cuidados/","Cuidados","/","hub","Core","Foundation","","","no","Guias clinicas y cuidados por cuadro"
"hub","/planes-de-cuidados/","Planes","/","hub","Core","Foundation","","","no","Planes, valoracion y registros"
"hub","/tecnicas-y-procedimientos/","Tecnicas","/","hub","Core","Foundation","","","no","Tecnicas paso a paso y checklists"
"hub","/etica-y-liderazgo/","Etica y liderazgo","/","hub","Core","Foundation","","","no","Etica, comunicacion y trabajo en equipo"
"hub","/carrera-en-enfermeria/","Carrera","/","hub","Core","Foundation","","","no","Salidas, competencias y orientacion profesional"
"hub","/recursos/","Recursos","/","hub","Core","Foundation","","","no","Plantillas, ejemplos y herramientas"
"content","/principios-eticos-en-enfermeria/","","/etica-y-liderazgo/","professional-skills-guide","P0","Wave 1","231","3969","yes","Reescribir desde legacy util"
"content","/valores-profesionales-de-enfermeria/","","/etica-y-liderazgo/","professional-skills-guide","P0","Wave 1","214","2332","yes","Reescribir desde legacy util"
"content","/enfermeria-en-salud-ocupacional/","","/carrera-en-enfermeria/","career-guide","P0","Wave 1","133","2092","yes","Crear desde cero"
"content","/enfermeria-cuidado-integral-defiicion/","","/fundamentos-de-enfermeria/","concept-explainer","P0","Wave 1","117","2569","yes","Crear desde cero"
"content","/estilos-de-liderazgo-en-enfermeria/","","/etica-y-liderazgo/","professional-skills-guide","P0","Wave 1","110","785","yes","Reescribir desde legacy util"
"content","/trabajo-en-equipo-en-enfermeria/","","/etica-y-liderazgo/","professional-skills-guide","P0","Wave 1","88","1131","yes","Reescribir desde legacy util"
"content","/cualidades-de-una-buena-enfermera/","","/etica-y-liderazgo/","professional-skills-guide","P0","Wave 1","80","1379","yes","Reescribir desde legacy util"
"content","/15-cosas-que-todo-estudiante-de-enfermeria-debe-saber/","","/carrera-en-enfermeria/","career-guide","P0","Wave 1","79","1098","yes","Crear desde cero"
"content","/venoclisis-cuidados-de-enfermeria/","","/tecnicas-y-procedimientos/","procedure-guide","P0","Wave 1","76","7079","yes","Crear desde cero"
"content","/negligencia-en-ejemplos-de-enfermeria/","","/etica-y-liderazgo/","resource-or-example","P0","Wave 1","69","878","yes","Reescribir desde legacy util"
"content","/plan-de-cuidados-enfermeria-ejemplopaso-a-paso/","","/planes-de-cuidados/","care-plan-guide","P0","Wave 1","57","1231","yes","Crear desde cero"
"content","/datos-de-enfermeria-subjetivos-vs-objetivo/","","/fundamentos-de-enfermeria/","concept-explainer","P0","Wave 1","54","2845","yes","Reescribir desde legacy util"
"content","/edema-cuidados-de-enfermeria/","","/cuidados/","clinical-care-guide","P0","Wave 1","54","1098","yes","Crear desde cero"
"content","/cuidados-de-enfermeria-oms/","","/cuidados/","clinical-care-guide","P0","Wave 1","51","1805","yes","Crear desde cero"
"content","/tecnica-para-toma-de-papanicolaou-enfermeria/","","/tecnicas-y-procedimientos/","procedure-guide","P0","Wave 1","46","824","yes","Crear desde cero"
"content","/ejemplos-de-enfermeria-sbar/","","/etica-y-liderazgo/","resource-or-example","P0","Wave 1","42","3375","yes","Reescribir desde legacy util"
"content","/cuidados-de-enfermeria-al-paciente-con-dolor/","","/cuidados/","clinical-care-guide","P0","Wave 1","34","863","yes","Crear desde cero"
"content","/cronograma-modelos-de-cuidados-enfermeria/","","/planes-de-cuidados/","resource-or-example","P0","Wave 1","32","763","yes","Crear desde cero"
"content","/planes-de-cuidado-de-enfermeria-en-pediatria/","","/planes-de-cuidados/","care-plan-guide","P0","Wave 1","32","621","yes","Crear desde cero"
"content","/cuidados-de-enfermeria-demencia/","","/cuidados/","clinical-care-guide","P0","Wave 1","31","282","yes","Crear desde cero"
"content","/cuidados-en-la-adolescencia-cto-enfermeria/","","/fundamentos-de-enfermeria/","concept-explainer","P0","Wave 1","27","1666","yes","Crear desde cero"
"content","/cuidados-de-enfermeria-heparina/","","/cuidados/","clinical-care-guide","P0","Wave 1","26","242","yes","Crear desde cero"
"content","/cuidados-de-enfermeria-en-cateteres/","","/tecnicas-y-procedimientos/","procedure-guide","P0","Wave 1","25","725","yes","Crear desde cero"
"content","/cuidados-enfermeria-pediatricos-en-cirugia/","","/cuidados/","clinical-care-guide","P0","Wave 1","25","532","yes","Crear desde cero"
"content","/cuidados-de-enfermeria-para-nebulizaciones/","","/tecnicas-y-procedimientos/","procedure-guide","P1","Wave 2","45","901","yes","Crear desde cero"
"content","/cuidados-de-enfermeria-en-pacientes-con-cancer/","","/cuidados/","clinical-care-guide","P1","Wave 2","44","1179","yes","Crear desde cero"
"content","/ejemplo-calculo-balance-hidrico-auxiliar-enfermeria/","","/recursos/","resource-or-example","P1","Wave 2","41","768","yes","Crear desde cero"
"content","/competencia-cultural-en-enfermeria/","","/etica-y-liderazgo/","professional-skills-guide","P1","Wave 2","38","708","yes","Reescribir desde legacy util"
"content","/histerectomia-cuidados-de-enfermeria-postoperatorios/","","/cuidados/","clinical-care-guide","P1","Wave 2","37","721","yes","Crear desde cero"
"content","/cuidados-de-enfermeria-en-el-postoperatorio-inmediato/","","/cuidados/","clinical-care-guide","P1","Wave 2","35","1031","yes","Crear desde cero"
"content","/educacion-para-la-salud-en-enfermeria-formacion/","","/carrera-en-enfermeria/","career-guide","P1","Wave 2","32","635","yes","Crear desde cero"
"content","/protocolo-cuidados-paliativos-enfermeria/","","/cuidados/","clinical-care-guide","P1","Wave 2","32","755","yes","Crear desde cero"
"content","/temas-de-salud-de-enfermeria/","","/recursos/","concept-explainer","P1","Wave 2","29","284","yes","Crear desde cero"
"content","/actividades-de-enfermeria-en-centro-de-salud/","","/fundamentos-de-enfermeria/","concept-explainer","P1","Wave 2","28","839","yes","Crear desde cero"
"content","/plan-de-cuidados-enfermeria-duelo/","","/planes-de-cuidados/","care-plan-guide","P1","Wave 2","28","655","yes","Crear desde cero"
"content","/9-divertidos-y-educativos-juegos-de-enfermeria/","","/recursos/","resource-or-example","P1","Wave 2","27","259","yes","Crear desde cero"
"content","/como-hacer-una-hoja-de-cuidados-de-enfermeria/","","/planes-de-cuidados/","resource-or-example","P1","Wave 2","27","2431","yes","Crear desde cero"
"content","/cuidado-humanizado-en-enfermeria/","","/etica-y-liderazgo/","professional-skills-guide","P1","Wave 2","27","367","yes","Crear desde cero"
"content","/auxiliar-de-enfermeria-colombia/","","/carrera-en-enfermeria/","career-guide","P1","Wave 2","26","450","yes","Crear desde cero"
"content","/lavado-gastrico-tecnica-enfermeria/","","/tecnicas-y-procedimientos/","procedure-guide","P1","Wave 2","25","1297","yes","Crear desde cero"
"content","/practica-basada-en-evidencia-en-ejemplos-de-enfermeria/","","/recursos/","resource-or-example","P1","Wave 2","24","502","yes","Reescribir desde legacy util"
"content","/10-cuidados-de-enfermeria-en-diabetes/","","/cuidados/","clinical-care-guide","P1","Wave 2","24","685","yes","Crear desde cero"
"content","/angioplastia-cuidados-de-enfermeria/","","/cuidados/","clinical-care-guide","P1","Wave 2","22","333","yes","Crear desde cero"
"content","/cuidados-de-enfermeria-en-ninos-con-tdah/","","/cuidados/","clinical-care-guide","P1","Wave 2","22","225","yes","Crear desde cero"
"content","/cuidados-de-enfermeria-en-deterioro-de-la-movilidad-fisica/","","/cuidados/","clinical-care-guide","P1","Wave 2","22","706","yes","Crear desde cero"
"content","/proceso-salud-enfermedad-en-enfermeria/","","/fundamentos-de-enfermeria/","concept-explainer","P1","Wave 2","21","539","yes","Crear desde cero"
"content","/veracidad-en-la-enfermeria/","","/etica-y-liderazgo/","professional-skills-guide","P1","Wave 2","21","288","yes","Reescribir desde legacy util"
"content","/evaluacion-del-plan-de-cuidados-de-enfermeria/","","/planes-de-cuidados/","clinical-care-guide","P1","Wave 2","21","372","yes","Crear desde cero"
"content","/que-es-gestion-del-cuidado-de-enfermeria/","","/carrera-en-enfermeria/","career-guide","P1","Wave 2","21","290","yes","Crear desde cero"
"content","/ketamina-cuidados-de-enfermeria/","","/cuidados/","clinical-care-guide","P1","Wave 2","20","170","yes","Crear desde cero"
"content","/cuidados-de-enfermeria-en-sonda-vesical/","","/tecnicas-y-procedimientos/","procedure-guide","P1","Wave 2","20","956","yes","Crear desde cero"
"content","/cuidados-de-enfermeria-hiperglucemia/","","/cuidados/","clinical-care-guide","P1","Wave 2","20","342","yes","Crear desde cero"
"content","/cuidados-de-enfermeria-post-parto-cesarea/","","/cuidados/","clinical-care-guide","P1","Wave 2","20","458","yes","Crear desde cero"
"content","/supervisora-enfermeria-gestion-de-cuidados/","","/carrera-en-enfermeria/","career-guide","P1","Wave 2","20","793","yes","Crear desde cero"
"content","/caso-practico-fuden-cuidados-enfermeria-en-urgencias-modulo-i-respuestas/","","/recursos/","resource-or-example","P2","Wave 3","19","339","yes","Crear desde cero"
"content","/cuidados-de-enfermeria-toma-de-signos-vitales/","","/tecnicas-y-procedimientos/","procedure-guide","P2","Wave 3","19","858","yes","Crear desde cero"
"content","/persistencia-del-conducto-arterioso-cuidados-de-enfermeria/","","/cuidados/","clinical-care-guide","P2","Wave 3","19","136","yes","Crear desde cero"
"content","/cuidados-de-enfermeria-en-pacientes-inconscientes/","","/cuidados/","clinical-care-guide","P2","Wave 3","19","861","yes","Crear desde cero"
"content","/cuales-son-las-manipulaciones-basicas-utilizadas-en-el-masaje/","","/fundamentos-de-enfermeria/","concept-explainer","P2","Wave 3","19","232","yes","Crear desde cero"
"content","/cuidados-de-enfermeria-en-el-puerperio/","","/cuidados/","clinical-care-guide","P2","Wave 3","18","246","yes","Crear desde cero"
"content","/procedimientos-y-tecnicas-basicas-de-enfermeria/","","/tecnicas-y-procedimientos/","procedure-guide","P2","Wave 3","18","469","yes","Crear desde cero"
"content","/ciclo-auxiliar-de-enfermeria-plan-de-estuidos/","","/carrera-en-enfermeria/","career-guide","P2","Wave 3","18","236","yes","Crear desde cero"
"content","/para-que-se-utiliza-rhus-tox-en-homeopatia/","","/fundamentos-de-enfermeria/","concept-explainer","P2","Wave 3","18","310","yes","Crear desde cero"
"content","/alzheimer-cuidados-de-enfermeria/","","/cuidados/","clinical-care-guide","P2","Wave 3","17","414","yes","Crear desde cero"
"content","/cuidados-de-enfermeria-en-dialisis-peritoneal-y-hemodialisis/","","/cuidados/","clinical-care-guide","P2","Wave 3","17","320","yes","Crear desde cero"
"content","/2000-preguntas-auxiliar-enfermeria/","","/fundamentos-de-enfermeria/","concept-explainer","P2","Wave 3","17","260","yes","Crear desde cero"
"content","/entapa-tecnica-enfermeria/","","/tecnicas-y-procedimientos/","procedure-guide","P2","Wave 3","17","467","yes","Crear desde cero"
"content","/comunicacion-terapeutica-en-enfermeria/","","/etica-y-liderazgo/","professional-skills-guide","P2","Wave 3","17","687","yes","Reescribir desde legacy util"
"content","/resumen-evolucion-historica-del-tecnico-en-cuidados-auxiliares-de-enfermeria/","","/fundamentos-de-enfermeria/","concept-explainer","P2","Wave 3","16","242","yes","Crear desde cero"
"content","/valoracion-enfermeria-en-salud-mental-objetivos/","","/fundamentos-de-enfermeria/","concept-explainer","P2","Wave 3","16","195","yes","Crear desde cero"
"content","/que-es-el-cuidado-de-la-enfermeria-definicion/","","/fundamentos-de-enfermeria/","concept-explainer","P2","Wave 3","16","227","yes","Crear desde cero"
"content","/tablon-en-blanco-actualizacion-para-enfermeria-de-salud-mental/","","/fundamentos-de-enfermeria/","concept-explainer","P2","Wave 3","16","2889","yes","Crear desde cero"
"content","/caducan-las-pastillas-homeopaticas/","","/fundamentos-de-enfermeria/","concept-explainer","P2","Wave 3","16","121","yes","Crear desde cero"
"content","/scq-cuidados-de-enfermeria-quemados/","","/cuidados/","clinical-care-guide","P2","Wave 3","16","658","yes","Crear desde cero"
"content","/intervenciones-de-enfermeria-en-cuidados-paliativos/","","/cuidados/","clinical-care-guide","P2","Wave 3","16","239","yes","Crear desde cero"
"content","/clases-de-la-escuela-de-enfermeria-que-tomas/","","/carrera-en-enfermeria/","career-guide","P2","Wave 3","15","168","yes","Reescribir desde legacy util"
"content","/gastroenteritis-cuidados-de-enfermeria/","","/cuidados/","clinical-care-guide","P2","Wave 3","15","274","yes","Crear desde cero"
"content","/hidroterapia-auxiliar-de-enfermeria/","","/carrera-en-enfermeria/","career-guide","P2","Wave 3","15","81","yes","Crear desde cero"
"content","/rol-del-tecnico-de-enfermeria-en-emergencia/","","/fundamentos-de-enfermeria/","concept-explainer","P2","Wave 3","15","105","yes","Crear desde cero"
"content","/cuidados-de-enfermeria-post-radioterapia/","","/cuidados/","clinical-care-guide","P2","Wave 3","15","228","yes","Crear desde cero"
"content","/utensilios-de-auxiliar-de-enfermeria/","","/carrera-en-enfermeria/","career-guide","P2","Wave 3","15","315","yes","Crear desde cero"
"content","/protocolo-de-cuidados-auxiliaresde-enfermeria/","","/fundamentos-de-enfermeria/","concept-explainer","P2","Wave 3","14","33","yes","Crear desde cero"
"content","/puede-un-fisioterapeuta-ordenar-una-resonancia-magnetica/","","/etica-y-liderazgo/","professional-skills-guide","P2","Wave 3","14","248","yes","Crear desde cero"
"content","/modelos-de-cuidados-de-enfermeria-en-el-siglo-xx/","","/cuidados/","clinical-care-guide","P2","Wave 3","14","358","yes","Crear desde cero"
"content","/tecnicas-enfermeria-urgencias-y-emergencia/","","/tecnicas-y-procedimientos/","procedure-guide","P2","Wave 3","14","414","yes","Crear desde cero"
"content","/cronograma-de-actividades-de-auxiliar-de-enfermeria/","","/carrera-en-enfermeria/","resource-or-example","P2","Wave 3","14","272","yes","Crear desde cero"
"content","/plantilla-plan-de-cuidados-enfermeria-post-operado/","","/cuidados/","concept-explainer","P2","Wave 3","14","247","yes","Crear desde cero"
"content","/tecnica-cateter-enfermeria/","","/tecnicas-y-procedimientos/","procedure-guide","P2","Wave 3","13","1311","yes","Crear desde cero"
"content","/epi-equipo-de-proteccion-individual-auxiliar-enfermeria/","","/fundamentos-de-enfermeria/","concept-explainer","P2","Wave 3","13","304","yes","Crear desde cero"
"content","/definicion-de-tecnico-en-enfermeria/","","/fundamentos-de-enfermeria/","concept-explainer","P2","Wave 3","13","399","yes","Crear desde cero"
"content","/funciones-y-tecnicas-asistenciales-del-personal-de-enfermeria-atencion-primari/","","/tecnicas-y-procedimientos/","procedure-guide","P2","Wave 3","13","221","yes","Crear desde cero"
"content","/intervenciones-enfermeria-en-cuidados-domiciliarios/","","/fundamentos-de-enfermeria/","concept-explainer","P2","Wave 3","13","586","yes","Crear desde cero"
"content","/cuidados-de-enfermeria-en-pacientes-con-neumonia-nosocomial/","","/cuidados/","clinical-care-guide","P2","Wave 3","13","460","yes","Crear desde cero"
"content","/plan-de-cuidados-de-enfermeria-varices/","","/planes-de-cuidados/","care-plan-guide","P2","Wave 3","13","133","yes","Crear desde cero"
"content","/enfermera-del-ejercito/","","/carrera-en-enfermeria/","career-guide","P2","Wave 3","13","193","yes","Reescribir desde legacy util"
"content","/cuidados-individualizados-enfermeria/","","/fundamentos-de-enfermeria/","concept-explainer","P2","Wave 3","13","313","yes","Crear desde cero"
"content","/traumatismo-obstetrico-cuidados-de-enfermeria/","","/cuidados/","clinical-care-guide","P2","Wave 3","13","471","yes","Crear desde cero"
"content","/fidelidad-en-la-enfermeria/","","/etica-y-liderazgo/","professional-skills-guide","P2","Wave 3","12","132","yes","Reescribir desde legacy util"
"content","/programa-salud-enfermeria-salud-publica/","","/carrera-en-enfermeria/","career-guide","P2","Wave 3","12","188","yes","Crear desde cero"
"content","/metaparadigma-de-enfermeria-cuidado/","","/fundamentos-de-enfermeria/","concept-explainer","P2","Wave 3","12","494","yes","Crear desde cero"
"content","/que-codigos-cpt-se-utilizan-para-la-fisioterapia/","","/fundamentos-de-enfermeria/","concept-explainer","P2","Wave 3","12","428","yes","Crear desde cero"
"content","/plan-de-cuidados-de-enfermeria-postoperatorio/","","/planes-de-cuidados/","care-plan-guide","P2","Wave 3","12","799","yes","Crear desde cero"
"content","/negligencia-en-enfermeria-por-falta-de-cuidados/","","/etica-y-liderazgo/","professional-skills-guide","P2","Wave 3","12","334","yes","Crear desde cero"
"content","/plan-cuidados-enfermeria-alergia/","","/fundamentos-de-enfermeria/","concept-explainer","P2","Wave 3","12","326","yes","Crear desde cero"
"content","/cuidados-de-enfermeria-en-la-sedacion/","","/cuidados/","clinical-care-guide","P2","Wave 3","12","260","yes","Crear desde cero"
"content","/longitud-unas-auxiliar-enfermeria/","","/fundamentos-de-enfermeria/","concept-explainer","P2","Wave 3","12","223","yes","Crear desde cero"
"content","/cualidades-de-liderazgo-en-enfermeria/","","/etica-y-liderazgo/","professional-skills-guide","P2","Wave 3","12","159","yes","Reescribir desde legacy util"
"content","/define-signo-y-sontomas-y-ejemplos-de-auxiliar-de-enfermeria/","","/carrera-en-enfermeria/","resource-or-example","P2","Wave 3","11","205","yes","Crear desde cero"
"content","/requisitos-para-trabajar-como-auxiliar-de-enfermeria/","","/carrera-en-enfermeria/","career-guide","P2","Wave 3","11","177","yes","Crear desde cero"
"content","/cuidados-de-enfermeria-en-el-paciente-quirurgico-transoperatorio/","","/cuidados/","clinical-care-guide","P2","Wave 3","11","272","yes","Crear desde cero"
"content","/vaginitis-cuidados-de-enfermeria/","","/cuidados/","clinical-care-guide","P2","Wave 3","11","124","yes","Crear desde cero"
"content","/revision-bibliografica-cuidados-enfermeria/","","/fundamentos-de-enfermeria/","concept-explainer","P2","Wave 3","11","132","yes","Crear desde cero"
"content","/cuidados-enfermeria-atropina/","","/fundamentos-de-enfermeria/","concept-explainer","P2","Wave 3","11","124","yes","Crear desde cero"
"content","/frases-celebres-sobre-cuidados-paliativos-enfermeria/","","/cuidados/","clinical-care-guide","P2","Wave 3","11","255","yes","Crear desde cero"
"content","/cuidados-de-enfermeria-nic-noc-nanda-paliativos/","","/cuidados/","clinical-care-guide","P2","Wave 3","11","111","yes","Crear desde cero"
"content","/plan-de-cuidados-de-enfermeria-de-neumonia-en-pediatria/","","/planes-de-cuidados/","care-plan-guide","P2","Wave 3","11","166","yes","Crear desde cero"
"content","/cuidados-de-enfermeria-en-candidiasis-vaginal/","","/cuidados/","clinical-care-guide","P2","Wave 3","10","129","yes","Crear desde cero"
"content","/que-significa-necesidad-de-cuidados-en-enfermeria/","","/fundamentos-de-enfermeria/","concept-explainer","P2","Wave 3","10","193","yes","Crear desde cero"
"content","/quetiapina-cuidados-de-enfermeria/","","/cuidados/","clinical-care-guide","P2","Wave 3","10","105","yes","Crear desde cero"
"content","/mnemotecnia-auxiliar-enfermeria/","","/fundamentos-de-enfermeria/","concept-explainer","P2","Wave 3","10","269","yes","Crear desde cero"
"content","/peliculas-cuidados-enfermeria/","","/fundamentos-de-enfermeria/","concept-explainer","P2","Wave 3","10","798","yes","Crear desde cero"
"content","/humanizacion-cuidados-enfermeria-citas/","","/fundamentos-de-enfermeria/","concept-explainer","P2","Wave 3","10","218","yes","Crear desde cero"
"content","/cuidados-post-cesarea-enfermeria/","","/cuidados/","clinical-care-guide","P2","Wave 3","10","558","yes","Crear desde cero"
"content","/cuidado-personal-para-las-enfermeras/","","/fundamentos-de-enfermeria/","concept-explainer","P2","Wave 3","10","317","yes","Reescribir desde legacy util"
"content","/comeptencias-enfermeria-salud-mental/","","/fundamentos-de-enfermeria/","concept-explainer","P2","Wave 3","10","145","yes","Crear desde cero"
"content","/cuidados-de-enfermeria-en-pacientes-con-paralisis-cerebral/","","/cuidados/","clinical-care-guide","P2","Wave 3","10","169","yes","Crear desde cero"
"content","/enfermeria-cuidados-generales-con-los-farmacos/","","/fundamentos-de-enfermeria/","concept-explainer","P2","Wave 3","10","500","yes","Crear desde cero"
"content","/preguntas-que-hacer-en-una-entrevista-de-enfermeria/","","/carrera-en-enfermeria/","career-guide","P3","Wave 4","9","264","yes","Reescribir desde legacy util"
"content","/que-hace-una-enfermera-practicante/","","/carrera-en-enfermeria/","career-guide","P3","Wave 4","9","387","yes","Reescribir desde legacy util"
"content","/tipos-de-titulos-de-enfermeria/","","/carrera-en-enfermeria/","career-guide","P3","Wave 4","9","358","yes","Reescribir desde legacy util"
"content","/tecnicas-de-curaciones-en-enfermeria/","","/tecnicas-y-procedimientos/","procedure-guide","P3","Wave 4","9","712","yes","Crear desde cero"
"content","/auxiliar-enfermeria-practica-electrocardiagrama/","","/fundamentos-de-enfermeria/","concept-explainer","P3","Wave 4","9","315","yes","Crear desde cero"
"content","/deterioramiento-cognitivo-cuidados-de-enfermeria-problemas-potenciales/","","/cuidados/","clinical-care-guide","P3","Wave 4","9","25","yes","Crear desde cero"
"content","/escarlatina-cuidados-de-enfermeria/","","/cuidados/","clinical-care-guide","P3","Wave 4","9","77","yes","Crear desde cero"
"content","/competencias-tecnicas-enfermeria/","","/tecnicas-y-procedimientos/","procedure-guide","P3","Wave 4","9","159","yes","Crear desde cero"
"content","/historial-de-salud-en-enfermeria/","","/fundamentos-de-enfermeria/","concept-explainer","P3","Wave 4","9","156","yes","Crear desde cero"
"content","/consejeria-de-enfermeria-en-salud-sexual-y-reproductiva/","","/fundamentos-de-enfermeria/","concept-explainer","P3","Wave 4","9","133","yes","Crear desde cero"
"content","/cuidados-de-enfermeria-en-dialisis-y-hemodialisis/","","/cuidados/","clinical-care-guide","P3","Wave 4","9","146","yes","Crear desde cero"
"content","/auxiliar-de-enfermeria/","","/carrera-en-enfermeria/","career-guide","P3","Wave 4","9","588","yes","Crear desde cero"
"content","/enfermeria-salud-mental-ninos/","","/fundamentos-de-enfermeria/","concept-explainer","P3","Wave 4","9","102","yes","Crear desde cero"
"content","/cuidados-de-enfermeria-en-unidad-de-cuidados-intensivos/","","/cuidados/","clinical-care-guide","P3","Wave 4","8","135","yes","Crear desde cero"
"content","/cuidados-neonatales-en-enfermeria-sellan/","","/fundamentos-de-enfermeria/","concept-explainer","P3","Wave 4","8","209","yes","Crear desde cero"
"content","/cuidados-de-enfermeria-en-urgencias-traumatologicas/","","/cuidados/","clinical-care-guide","P3","Wave 4","8","168","yes","Crear desde cero"
"content","/cuidados-de-enfermeria-en-pacientes-con-hepatitis/","","/cuidados/","clinical-care-guide","P3","Wave 4","8","36","yes","Crear desde cero"
"content","/resumen-enfermeria-en-salud-internacional/","","/fundamentos-de-enfermeria/","concept-explainer","P3","Wave 4","8","108","yes","Crear desde cero"
"content","/integridad-en-la-enfermeria/","","/fundamentos-de-enfermeria/","concept-explainer","P3","Wave 4","8","143","yes","Reescribir desde legacy util"
"content","/definicion-tacto-rectal-auxiliar-de-enfermeria/","","/carrera-en-enfermeria/","career-guide","P3","Wave 4","8","276","yes","Crear desde cero"
"content","/cuidados-de-enfermeria-herida-quirurgica-infectada/","","/cuidados/","clinical-care-guide","P3","Wave 4","8","148","yes","Crear desde cero"
"content","/ejemplos-de-supuestos-practicos-de-auxiliar-de-enfermeria/","","/carrera-en-enfermeria/","resource-or-example","P3","Wave 4","8","99","yes","Crear desde cero"
"content","/auxiliar-de-enfermeria-definicion/","","/carrera-en-enfermeria/","career-guide","P3","Wave 4","8","257","yes","Crear desde cero"
"content","/cuidados-a-familiares-enfermeria/","","/fundamentos-de-enfermeria/","concept-explainer","P3","Wave 4","8","560","yes","Crear desde cero"
"content","/aptitudes-de-un-buen-auxiliar-de-enfermeria/","","/carrera-en-enfermeria/","career-guide","P3","Wave 4","7","55","yes","Crear desde cero"
"content","/salud-mental-enfermeria-resumen/","","/fundamentos-de-enfermeria/","concept-explainer","P3","Wave 4","7","102","yes","Crear desde cero"
"content","/angiografia-renal-cuidados-de-enfermeria/","","/cuidados/","clinical-care-guide","P3","Wave 4","7","136","yes","Crear desde cero"
"content","/tecnica-saer-enfermeria/","","/tecnicas-y-procedimientos/","procedure-guide","P3","Wave 4","7","251","yes","Crear desde cero"
"content","/es-obligatorio-tener-titulo-para-trabajar-de-auxiliar-de-enfermeria/","","/carrera-en-enfermeria/","career-guide","P3","Wave 4","7","1","yes","Crear desde cero"
"content","/tecnicas-basicas-enfermeria-movilizacion-paciente/","","/tecnicas-y-procedimientos/","procedure-guide","P3","Wave 4","7","507","yes","Crear desde cero"
"content","/via-topica-cuidados-de-enfermeria/","","/cuidados/","clinical-care-guide","P3","Wave 4","7","507","yes","Crear desde cero"
"content","/tecnicas-de-entrevista-enfermeria-21/","","/tecnicas-y-procedimientos/","procedure-guide","P3","Wave 4","7","416","yes","Crear desde cero"
"content","/compasion-en-enfermeria/","","/fundamentos-de-enfermeria/","concept-explainer","P3","Wave 4","7","122","yes","Reescribir desde legacy util"
"content","/ciprofloxacino-vademecum-cuidados-de-enfermeria/","","/cuidados/","clinical-care-guide","P3","Wave 4","7","187","yes","Crear desde cero"
"content","/heparina-vademecum-cuidados-de-enfermeria/","","/cuidados/","clinical-care-guide","P3","Wave 4","7","205","yes","Crear desde cero"
"content","/glosectomia-cuidados-postoperatorios-enfermeria/","","/cuidados/","clinical-care-guide","P3","Wave 4","7","74","yes","Crear desde cero"
"content","/actuacion-del-auxiliar-de-enfermeria-en-el-parto/","","/carrera-en-enfermeria/","career-guide","P3","Wave 4","7","104","yes","Crear desde cero"
"content","/quiero-dejar-la-enfermeria-que-mas-puedo-hacer/","","/fundamentos-de-enfermeria/","concept-explainer","P3","Wave 4","7","35","yes","Reescribir desde legacy util"
"content","/hidralazina-vademecum-cuidados-de-enfermeria/","","/cuidados/","clinical-care-guide","P3","Wave 4","7","141","yes","Crear desde cero"
"content","/enfermeria-cuidado-familiar-mental/","","/fundamentos-de-enfermeria/","concept-explainer","P3","Wave 4","7","60","yes","Crear desde cero"
"content","/cuidados-de-enfermeria-reanimacion/","","/cuidados/","clinical-care-guide","P3","Wave 4","7","216","yes","Crear desde cero"
"content","/cual-es-la-diferencia-entre-6x-y-30x-en-homeopatia/","","/fundamentos-de-enfermeria/","concept-explainer","P3","Wave 4","6","59","yes","Crear desde cero"
"content","/8-violaciones-comunes-de-la-hipaa-que-usted-debe-evitar/","","/fundamentos-de-enfermeria/","concept-explainer","P3","Wave 4","6","106","yes","Crear desde cero"
"content","/cuidados-de-enfermeria-en-los-periodos-del-parto/","","/cuidados/","clinical-care-guide","P3","Wave 4","6","115","yes","Crear desde cero"
"content","/hoja-de-cuidados-de-enfermeria/","","/cuidados/","resource-or-example","P3","Wave 4","6","537","yes","Crear desde cero"
"content","/enfermeria-en-salud-publica-definicion/","","/fundamentos-de-enfermeria/","concept-explainer","P3","Wave 4","6","110","yes","Crear desde cero"
"content","/proceso-atencion-enfermeria-plan-de-cuidados-de-enfermeria-ejemplos/","","/cuidados/","resource-or-example","P3","Wave 4","6","168","yes","Crear desde cero"
"content","/conocimientos-que-tiene-que-tener-una-auxiliar-de-enfermeria/","","/carrera-en-enfermeria/","career-guide","P3","Wave 4","6","105","yes","Crear desde cero"
"content","/los-diabeticos-pueden-recibir-masajes/","","/etica-y-liderazgo/","professional-skills-guide","P3","Wave 4","6","112","yes","Crear desde cero"
"content","/cuidados-de-enfermeria-en-urgencias-psiquiatricas/","","/cuidados/","clinical-care-guide","P3","Wave 4","6","104","yes","Crear desde cero"
"content","/dilema-etico-en-ejemplos-de-enfermeria/","","/etica-y-liderazgo/","resource-or-example","P3","Wave 4","6","80","yes","Reescribir desde legacy util"
"content","/cuidado-de-enfermeria-en-salud-mental/","","/fundamentos-de-enfermeria/","concept-explainer","P3","Wave 4","6","119","yes","Crear desde cero"
"content","/auxiliar-enfermeria-administrativo/","","/fundamentos-de-enfermeria/","concept-explainer","P3","Wave 4","6","55","yes","Crear desde cero"
"content","/tu-pregunta-es-bueno-el-tratamiento-con-homeopatia-para-las-fisuras/","","/fundamentos-de-enfermeria/","concept-explainer","P3","Wave 4","6","6","yes","Crear desde cero"
"content","/nic-enfermeria-cuidados-de-ulceras-por-presion-3520/","","/fundamentos-de-enfermeria/","concept-explainer","P3","Wave 4","6","123","yes","Crear desde cero"
"content","/cuidados-de-enfermeria-ninos-discapacitados/","","/cuidados/","clinical-care-guide","P3","Wave 4","6","145","yes","Crear desde cero"
"content","/aplicacion-de-los-cuidados-e-enfermeria-en-pacientes-acv/","","/fundamentos-de-enfermeria/","concept-explainer","P3","Wave 4","6","231","yes","Crear desde cero"
"content","/deterioro-de-la-integridad-cutanea-cuidados-de-enfermeria/","","/cuidados/","clinical-care-guide","P3","Wave 4","6","1181","yes","Crear desde cero"
"content","/trabajo-de-fin-de-grado-enfermeria-plan-de-cuidados/","","/cuidados/","concept-explainer","P3","Wave 4","6","43","yes","Crear desde cero"
"content","/atencion-del-auxiliar-de-enfermeria-al-enfermo-terminal/","","/carrera-en-enfermeria/","career-guide","P3","Wave 4","5","32","yes","Crear desde cero"
"content","/tablonenblanco-cuidados-avanzados-de-enfermeria/","","/fundamentos-de-enfermeria/","concept-explainer","P3","Wave 4","5","507","yes","Crear desde cero"
"content","/tecnica-de-barrido-en-enfermeria/","","/tecnicas-y-procedimientos/","procedure-guide","P3","Wave 4","5","329","yes","Crear desde cero"
"content","/deberes-de-enfermeria-neonatal/","","/fundamentos-de-enfermeria/","concept-explainer","P3","Wave 4","5","279","yes","Reescribir desde legacy util"
"content","/la-acupuntura-cura-los-mareos/","","/fundamentos-de-enfermeria/","concept-explainer","P3","Wave 4","5","161","yes","Crear desde cero"
"content","/cuidados-enfermeria-planta-neurologia/","","/fundamentos-de-enfermeria/","concept-explainer","P3","Wave 4","5","33","yes","Crear desde cero"
"content","/cuidados-de-enfermeria-en-pacientes-criticos-ppt/","","/cuidados/","clinical-care-guide","P3","Wave 4","5","132","yes","Crear desde cero"
"content","/ley-de-proteccion-de-datos-personales-tes-auxiliar-de-enfermeria/","","/carrera-en-enfermeria/","career-guide","P3","Wave 4","5","61","yes","Crear desde cero"
"content","/pregunta-caducan-las-gotas-homeopaticas/","","/fundamentos-de-enfermeria/","concept-explainer","P3","Wave 4","5","24","yes","Crear desde cero"
"content","/intoxicacion-exogena-cuidados-de-enfermeria/","","/cuidados/","clinical-care-guide","P3","Wave 4","5","184","yes","Crear desde cero"
"content","/cuidados-de-enfermeria-en-pacientes-con-hipertermia-maligna/","","/cuidados/","clinical-care-guide","P3","Wave 4","5","26","yes","Crear desde cero"
"content","/plan-de-cuidados-enfermeria-caries-dental/","","/planes-de-cuidados/","care-plan-guide","P3","Wave 4","5","58","yes","Crear desde cero"
"content","/funciones-del-auxiliar-de-enfermeria-en-central-de-esterilizacion/","","/carrera-en-enfermeria/","career-guide","P3","Wave 4","5","71","yes","Crear desde cero"
"content","/atelectasia-pulmonar-cuidados-de-enfermeria/","","/cuidados/","clinical-care-guide","P3","Wave 4","5","107","yes","Crear desde cero"
"content","/como-ser-profesor-de-fp-auxiliar-de-enfermeria/","","/carrera-en-enfermeria/","career-guide","P3","Wave 4","5","61","yes","Crear desde cero"
"content","/comunicacion-en-enfermeria/","","/fundamentos-de-enfermeria/","concept-explainer","P3","Wave 4","5","192","yes","Reescribir desde legacy util"
"content","/tecnica-de-lavado-de-manos-en-enfermeria-video/","","/tecnicas-y-procedimientos/","procedure-guide","P3","Wave 4","5","737","yes","Crear desde cero"
"content","/registro-plan-de-cuidados-enfermeria/","","/cuidados/","concept-explainer","P3","Wave 4","5","89","yes","Crear desde cero"
"content","/perfusion-tisular-cerebral-ineficaz-cuidados-de-enfermeria/","","/cuidados/","clinical-care-guide","P3","Wave 4","5","563","yes","Crear desde cero"
"content","/cuidados-de-enfermeria-en-operacion-de-cadera/","","/cuidados/","clinical-care-guide","P3","Wave 4","5","39","yes","Crear desde cero"
"content","/enfermeria-tecnicas-clinicas-esteve/","","/tecnicas-y-procedimientos/","procedure-guide","P3","Wave 4","5","89","yes","Crear desde cero"
"content","/cuidados-de-enfermeria-en-infeccion-urinaria-durante-el-embarazo/","","/cuidados/","clinical-care-guide","P3","Wave 4","5","62","yes","Crear desde cero"
"content","/nutricion-enteral-y-cuidados-de-enfermeria-google-a-ademi/","","/cuidados/","clinical-care-guide","P3","Wave 4","5","116","yes","Crear desde cero"
"content","/10-cuidados-de-enfermeria/","","/cuidados/","clinical-care-guide","P3","Wave 4","5","304","yes","Crear desde cero"
"content","/apendicectomia-cuidados-de-enfermeria/","","/cuidados/","clinical-care-guide","P3","Wave 4","5","155","yes","Crear desde cero"
"content","/encuesta-valoracion-cuidados-de-enfermeria/","","/cuidados/","clinical-care-guide","P3","Wave 4","5","163","yes","Crear desde cero"
"content","/protocolo-higiene-cuidados-de-enfermeria/","","/cuidados/","clinical-care-guide","P3","Wave 4","5","19","yes","Crear desde cero"
"content","/cuidados-paliativos-enfermo-terminal-enfermeria/","","/cuidados/","clinical-care-guide","P3","Wave 4","5","163","yes","Crear desde cero"
"content","/cuidados-de-enfermeria-en-tococirugia/","","/cuidados/","clinical-care-guide","P3","Wave 4","5","163","yes","Crear desde cero"
"content","/enfermeria-comunitaria-prevencion-y-promocion-de-la-salud/","","/fundamentos-de-enfermeria/","concept-explainer","P3","Wave 4","5","311","yes","Crear desde cero"
"content","/cuidados-de-enfermeria-cambios-posturales/","","/cuidados/","clinical-care-guide","P3","Wave 4","5","405","yes","Crear desde cero"
"content","/funciones-procedimientos-y-tareas-auxiliar-enfermeria/","","/fundamentos-de-enfermeria/","concept-explainer","P3","Wave 4","5","220","yes","Crear desde cero"
"content","/caducan-los-homeopaticos/","","/fundamentos-de-enfermeria/","concept-explainer","P3","Wave 4","5","172","yes","Crear desde cero"
"content","/rol-de-enfermeria-en-salud-mental/","","/fundamentos-de-enfermeria/","concept-explainer","P3","Wave 4","5","40","yes","Crear desde cero"
"content","/cuanto-gana-un-auxiliar-de-enfermeria-en-italia/","","/carrera-en-enfermeria/","career-guide","P3","Wave 4","5","62","yes","Crear desde cero"
"content","/convenio-colectivo-de-auxiliar-de-enfermeria-30128/","","/carrera-en-enfermeria/","career-guide","P3","Wave 4","4","215","yes","Crear desde cero"
"content","/cuanto-tiempo-debe-usar-el-masajeador-electrico/","","/fundamentos-de-enfermeria/","concept-explainer","P3","Wave 4","4","43","yes","Crear desde cero"
"content","/psicologo-de-la-organizacion-industrial-pros-y-contras/","","/fundamentos-de-enfermeria/","concept-explainer","P3","Wave 4","4","29","yes","Reescribir desde legacy util"
"content","/mejor-respuesta-por-que-me-duele-tanto-despues-del-quiropractico/","","/fundamentos-de-enfermeria/","concept-explainer","P3","Wave 4","4","45","yes","Crear desde cero"
"content","/cuidados-de-enfermeria-en-pacientes-con-enfermedades-respiratorias/","","/cuidados/","clinical-care-guide","P3","Wave 4","4","103","yes","Crear desde cero"
"content","/indicadores-de-calidad-en-enfermeria-secretaria-de-salud/","","/fundamentos-de-enfermeria/","concept-explainer","P3","Wave 4","4","196","yes","Crear desde cero"
"content","/ejemplo-de-plan-de-cuidados-de-enfermeria-nanda/","","/cuidados/","resource-or-example","P3","Wave 4","4","63","yes","Crear desde cero"
"content","/cuidados-dependientes-independientes-e-interdependientes-de-enfermeria/","","/fundamentos-de-enfermeria/","concept-explainer","P3","Wave 4","4","123","yes","Crear desde cero"
"content","/cuidados-enfermeria-tablon-en-blanco/","","/fundamentos-de-enfermeria/","concept-explainer","P3","Wave 4","4","524","yes","Crear desde cero"
"content","/plan-de-cuidados-y-plan-de-atencion-de-enfermeria/","","/planes-de-cuidados/","care-plan-guide","P3","Wave 4","4","201","yes","Crear desde cero"
"content","/cuidados-de-enfermeria-en-la-unidad-quirurgica/","","/cuidados/","clinical-care-guide","P3","Wave 4","4","167","yes","Crear desde cero"
"content","/cuidado-del-recien-nacido-enfermeria-sas/","","/fundamentos-de-enfermeria/","concept-explainer","P3","Wave 4","4","288","yes","Crear desde cero"
"content","/cuidados-radioterapia-cancer-mama-enfermeria-tivino-gracia/","","/cuidados/","clinical-care-guide","P3","Wave 4","4","22","yes","Crear desde cero"
"content","/rd-137-1984-de-estructuras-basicas-salud-que-regula-enfermeria/","","/fundamentos-de-enfermeria/","concept-explainer","P3","Wave 4","4","364","yes","Crear desde cero"
"content","/cursos-logoss-auxiliar-de-enfermeria-paquetes-de-60-creditos/","","/carrera-en-enfermeria/","career-guide","P3","Wave 4","4","304","yes","Crear desde cero"
"content","/cuidados-enfermeria-uci-paciente-politrauma/","","/fundamentos-de-enfermeria/","concept-explainer","P3","Wave 4","4","54","yes","Crear desde cero"
"content","/plan-de-cuidados-de-enfermeria-en-neonatos-con-ventilacion-mecanica/","","/planes-de-cuidados/","care-plan-guide","P3","Wave 4","4","123","yes","Crear desde cero"
"content","/con-que-frecuencia-debo-hacer-ejercicios-de-fisioterapia/","","/fundamentos-de-enfermeria/","concept-explainer","P3","Wave 4","4","31","yes","Crear desde cero"
"content","/historia-de-los-cuidados-de-enfermeria-anos-30/","","/cuidados/","clinical-care-guide","P3","Wave 4","4","46","yes","Crear desde cero"
"content","/asma-bronquial-plan-de-cuidados-de-enfermeria/","","/cuidados/","clinical-care-guide","P3","Wave 4","4","132","yes","Crear desde cero"
"content","/psicologos-clinicos-pros-y-contras/","","/fundamentos-de-enfermeria/","concept-explainer","P3","Wave 4","4","54","yes","Reescribir desde legacy util"
"content","/estudiar-tecnico-en-enfermeria-online/","","/fundamentos-de-enfermeria/","concept-explainer","P3","Wave 4","4","52","yes","Crear desde cero"
"content","/excrecion-de-farmacos-via-digestiva-auxiliar-de-enfermeria/","","/carrera-en-enfermeria/","career-guide","P3","Wave 4","4","78","yes","Crear desde cero"
"content","/auxiliar-enfermeria-qhe-nivel-es/","","/fundamentos-de-enfermeria/","concept-explainer","P3","Wave 4","4","53","yes","Crear desde cero"
"content","/cuidados-enfermeria-nino-prematuro-amir/","","/fundamentos-de-enfermeria/","concept-explainer","P3","Wave 4","4","92","yes","Crear desde cero"
"content","/programas-de-salud-enfermeria-comunitaria/","","/carrera-en-enfermeria/","career-guide","P3","Wave 4","4","92","yes","Crear desde cero"
"content","/cuidados-de-enfermeria-en-crisis-asmatica/","","/cuidados/","clinical-care-guide","P3","Wave 4","4","134","yes","Crear desde cero"
"content","/sindrome-confusional-agudo-cuidados-enfermeria-actuacion/","","/fundamentos-de-enfermeria/","concept-explainer","P3","Wave 4","4","60","yes","Crear desde cero"
"content","/mis-metas-de-enfermeria-haz-el-bien-en-este-mundo/","","/fundamentos-de-enfermeria/","concept-explainer","P3","Wave 4","4","71","yes","Crear desde cero"
"content","/cuidados-enfermeria-sindrome-compartimental-hielo/","","/fundamentos-de-enfermeria/","concept-explainer","P3","Wave 4","4","53","yes","Crear desde cero"
"content","/responsabilidad-profesional-y-tecnica-en-enfermeria/","","/tecnicas-y-procedimientos/","procedure-guide","P3","Wave 4","4","31","yes","Crear desde cero"
"content","/drenaje-percutaneo-cuidados-de-enfermeria/","","/cuidados/","clinical-care-guide","P3","Wave 4","4","18","yes","Crear desde cero"
"content","/cuidados-de-enfermeria-post-transfusion-sanguinea/","","/cuidados/","clinical-care-guide","P3","Wave 4","4","12","yes","Crear desde cero"
"content","/su-pregunta-como-se-determina-la-potencia-homeopatica/","","/fundamentos-de-enfermeria/","concept-explainer","P3","Wave 4","3","254","yes","Crear desde cero"
"content","/respuesta-rapida-las-agujas-de-acupuntura-son-desechables/","","/fundamentos-de-enfermeria/","concept-explainer","P3","Wave 4","3","15","yes","Crear desde cero"
"content","/modelos-nominas-auxiliar-de-enfermeria-hospital-word/","","/carrera-en-enfermeria/","career-guide","P3","Wave 4","3","40","yes","Crear desde cero"
"content","/hematuria-cuidados-de-enfermeria/","","/cuidados/","clinical-care-guide","P3","Wave 4","3","125","yes","Crear desde cero"
"content","/cuidados-enfermeria-cateter-peritoneal-primera-cura-a-los-7-dias/","","/fundamentos-de-enfermeria/","concept-explainer","P3","Wave 4","3","126","yes","Crear desde cero"
"content","/auxiliar-de-enfermeria-sobre-aislamiento-hospitalari/","","/carrera-en-enfermeria/","career-guide","P3","Wave 4","3","171","yes","Crear desde cero"
"content","/10-consejos-para-las-enfermeras-en-el-turno-de-noche/","","/fundamentos-de-enfermeria/","concept-explainer","P3","Wave 4","3","54","yes","Crear desde cero"
"content","/trabajar-de-auxiliar-de-enfermeria-en-inglaterra/","","/carrera-en-enfermeria/","career-guide","P3","Wave 4","3","22","yes","Crear desde cero"
"content","/afasia-cuidados-de-enfermeria/","","/cuidados/","clinical-care-guide","P3","Wave 4","3","43","yes","Crear desde cero"
"content","/profesionalismo-en-enfermeria/","","/fundamentos-de-enfermeria/","concept-explainer","P3","Wave 4","3","157","yes","Reescribir desde legacy util"
"content","/plan-de-cuidados-enfermeria-hospital-de-dia-oncologico/","","/planes-de-cuidados/","care-plan-guide","P3","Wave 4","3","37","yes","Crear desde cero"
"content","/temas-de-auxiliar-de-enfermeria/","","/carrera-en-enfermeria/","career-guide","P3","Wave 4","3","60","yes","Crear desde cero"
"content","/por-que-duelen-las-piernas-al-masajearlas/","","/fundamentos-de-enfermeria/","concept-explainer","P3","Wave 4","3","10","yes","Crear desde cero"
"content","/cuidados-de-enfermeria-en-pacientes-con-distrofia-muscular/","","/cuidados/","clinical-care-guide","P3","Wave 4","3","75","yes","Crear desde cero"
"content","/tipos-de-especialidades-de-enfermeria-practicante/","","/carrera-en-enfermeria/","career-guide","P3","Wave 4","3","52","yes","Reescribir desde legacy util"
"content","/ua-enfermeria-salud-mental/","","/fundamentos-de-enfermeria/","concept-explainer","P3","Wave 4","3","40","yes","Crear desde cero"
"content","/tecnico-auxiliar-enfermeria-trabajo-en-el-extranjero/","","/fundamentos-de-enfermeria/","concept-explainer","P3","Wave 4","3","43","yes","Crear desde cero"
"content","/que-pueden-recetar-los-fisioterapeutas/","","/fundamentos-de-enfermeria/","concept-explainer","P3","Wave 4","3","75","yes","Crear desde cero"
"content","/enfermera-de-nutricion/","","/fundamentos-de-enfermeria/","concept-explainer","P3","Wave 4","3","17","yes","Reescribir desde legacy util"
"content","/are-physical-therapists-allowed-to-accept-gifts/","","/fundamentos-de-enfermeria/","concept-explainer","P3","Wave 4","3","70","yes","Crear desde cero"
"content","/cuidados-de-enfermeria-en-pacientes-con-hemofilia/","","/cuidados/","clinical-care-guide","P3","Wave 4","3","138","yes","Crear desde cero"
"content","/grado-medio-auxiliar-de-enfermeria-online-gratis/","","/carrera-en-enfermeria/","career-guide","P3","Wave 4","3","109","yes","Crear desde cero"
"content","/por-que-es-malo-banarse-despues-del-masaje/","","/fundamentos-de-enfermeria/","concept-explainer","P3","Wave 4","3","47","yes","Crear desde cero"
"content","/cual-es-la-diferencia-entre-medicina-holistica-e-integrativa/","","/fundamentos-de-enfermeria/","concept-explainer","P3","Wave 4","3","45","yes","Crear desde cero"
"content","/protocolo-sondaje-vesical-cuidados-de-enfermeria/","","/cuidados/","clinical-care-guide","P3","Wave 4","3","95","yes","Crear desde cero"
"content","/cuantas-horas-trabajan-diariamente-los-fisioterapeutas/","","/fundamentos-de-enfermeria/","concept-explainer","P3","Wave 4","3","33","yes","Crear desde cero"
"content","/cuales-son-las-desventajas-de-la-fisioterapia/","","/fundamentos-de-enfermeria/","concept-explainer","P3","Wave 4","3","53","yes","Crear desde cero"
"content","/tarjeta-auxiliar-de-enfermeria/","","/carrera-en-enfermeria/","career-guide","P3","Wave 4","3","169","yes","Crear desde cero"
"content","/cual-es-la-abreviatura-de-doctor-en-quiropractica/","","/fundamentos-de-enfermeria/","concept-explainer","P3","Wave 4","3","57","yes","Crear desde cero"
"content","/pros-y-contras-de-los-trabajadores-sociales/","","/fundamentos-de-enfermeria/","concept-explainer","P3","Wave 4","3","105","yes","Reescribir desde legacy util"
"content","/paso-nclex-que-sigue/","","/fundamentos-de-enfermeria/","concept-explainer","P3","Wave 4","3","44","yes","Reescribir desde legacy util"
"content","/cuidados-de-enfermeria-post-gastrectomia/","","/cuidados/","clinical-care-guide","P3","Wave 4","3","112","yes","Crear desde cero"
"content","/intervencion-nutricional-sindrome-nefrotico-pediatria-cuidados-de-enfermeria/","","/cuidados/","clinical-care-guide","P3","Wave 4","3","105","yes","Crear desde cero"
"content","/despues-de-fallarse-nclex/","","/fundamentos-de-enfermeria/","concept-explainer","P3","Wave 4","3","31","yes","Reescribir desde legacy util"
"content","/cuidados-de-enfermeria-en-pacientes-con-hemorragia-digestiva-alta/","","/cuidados/","clinical-care-guide","P3","Wave 4","3","117","yes","Crear desde cero"
"content","/que-hace-un-crna/","","/fundamentos-de-enfermeria/","concept-explainer","P3","Wave 4","3","264","yes","Reescribir desde legacy util"
"content","/auxiliar-de-enfermeria-cuanto-dura/","","/carrera-en-enfermeria/","career-guide","P3","Wave 4","3","113","yes","Crear desde cero"
"content","/el-proceso-de-enfermeria-como-enfermera-administrativa/","","/fundamentos-de-enfermeria/","concept-explainer","P3","Wave 4","3","46","yes","Crear desde cero"
"content","/cuidados-enfermeria-enfermedad-ulcerosa-peptica/","","/fundamentos-de-enfermeria/","concept-explainer","P3","Wave 4","3","61","yes","Crear desde cero"
"content","/enfermera-de-viajes/","","/fundamentos-de-enfermeria/","concept-explainer","P3","Wave 4","3","41","yes","Reescribir desde legacy util"
"content","/responsabilidad-en-enfermeria/","","/fundamentos-de-enfermeria/","concept-explainer","P3","Wave 4","3","50","yes","Reescribir desde legacy util"
"content","/irc-cuidados-de-enfermeria/","","/cuidados/","clinical-care-guide","P3","Wave 4","3","32","yes","Crear desde cero"
"content","/cuidados-de-enfermeria-en-heridas-contaminadas/","","/cuidados/","clinical-care-guide","P3","Wave 4","3","38","yes","Crear desde cero"
"content","/cuidados-de-enfermeria-paciente-con-ostomia/","","/cuidados/","clinical-care-guide","P3","Wave 4","3","2","yes","Crear desde cero"
"content","/cuidados-de-enfermeria-a-pacientes-neurologicos/","","/cuidados/","clinical-care-guide","P3","Wave 4","3","20","yes","Crear desde cero"
"content","/cuidados-de-enfermeria-en-paciente-intubado/","","/cuidados/","clinical-care-guide","P3","Wave 4","3","105","yes","Crear desde cero"
"content","/registro-de-cuidados-de-enfermeria/","","/cuidados/","clinical-care-guide","P3","Wave 4","3","167","yes","Crear desde cero"
"content","/plantillas-salud-enfermeria-gratis/","","/fundamentos-de-enfermeria/","concept-explainer","P3","Wave 4","3","75","yes","Crear desde cero"
"content","/valoracion-cuidados-enfermeria/","","/fundamentos-de-enfermeria/","concept-explainer","P3","Wave 4","3","96","yes","Crear desde cero"
"content","/metodo-kap-educacion-para-la-salud-enfermeria/","","/fundamentos-de-enfermeria/","concept-explainer","P3","Wave 4","3","5","yes","Crear desde cero"
"content","/cuidados-de-enfermeria-en-la-fase-de-agonia/","","/cuidados/","clinical-care-guide","P3","Wave 4","3","4","yes","Crear desde cero"
"content","/conocimientos-importantes-enfermeria-cuidados-intensivos/","","/fundamentos-de-enfermeria/","concept-explainer","P3","Wave 4","3","6","yes","Crear desde cero"
"content","/arritmia-cardiaca-cuidados-de-enfermeria/","","/cuidados/","clinical-care-guide","P3","Wave 4","3","8","yes","Crear desde cero"
"content","/mantenimiento-y-proteccion-de-salud-obligacion-de-enfermeria/","","/fundamentos-de-enfermeria/","concept-explainer","P3","Wave 4","3","15","yes","Crear desde cero"
"content","/cistostomia-suprapubica-cuidados-de-enfermeria/","","/cuidados/","clinical-care-guide","P3","Wave 4","3","19","yes","Crear desde cero"
"content","/cuidados-de-enfermeria-en-pacientes-con-sindrome-de-guillain-barre/","","/cuidados/","clinical-care-guide","P3","Wave 4","3","4","yes","Crear desde cero"
"content","/plan-de-cuidados-de-enfermeria-en-ninos-con-neumonia/","","/planes-de-cuidados/","care-plan-guide","P3","Wave 4","3","2","yes","Crear desde cero"
"content","/usted-pregunto-por-que-eructo-cuando-recibo-un-masaje/","","/fundamentos-de-enfermeria/","concept-explainer","P3","Wave 4","3","224","yes","Crear desde cero"
"content","/puede-la-homeopatia-curar-la-enfermedad-del-higado/","","/fundamentos-de-enfermeria/","concept-explainer","P3","Wave 4","3","48","yes","Crear desde cero"
"content","/diferentes-tipos-de-shock-y-cuidados-de-enfermeria/","","/cuidados/","clinical-care-guide","P3","Wave 4","3","169","yes","Crear desde cero"
"content","/enfermera-de-dermatologia/","","/fundamentos-de-enfermeria/","concept-explainer","P3","Wave 4","2","19","yes","Reescribir desde legacy util"
"content","/pueden-los-quiropracticos-facturar-codigos-de-evaluacion-y-gestion/","","/fundamentos-de-enfermeria/","concept-explainer","P3","Wave 4","2","39","yes","Crear desde cero"
"content","/float-pool-enfermera-pros-y-contras/","","/fundamentos-de-enfermeria/","concept-explainer","P3","Wave 4","2","28","yes","Reescribir desde legacy util"
"content","/actividades-de-auxiliar-de-enfermeria-en-hospitalizacion/","","/carrera-en-enfermeria/","career-guide","P3","Wave 4","2","42","yes","Crear desde cero"
"content","/funciones-del-auxiliar-de-enfermeria-en-hospital-psiquiatrico/","","/carrera-en-enfermeria/","career-guide","P3","Wave 4","2","5","yes","Crear desde cero"
"content","/funciones-de-tecnico-superior-en-enfermeria/","","/fundamentos-de-enfermeria/","concept-explainer","P3","Wave 4","2","23","yes","Crear desde cero"
"content","/cuidados-de-enfermeria-en-radioterapia/","","/cuidados/","clinical-care-guide","P3","Wave 4","2","142","yes","Crear desde cero"
"content","/valoracion-de-enfermeria-patron-de-persepcion-de-la-salud-ejemplos/","","/recursos/","resource-or-example","P3","Wave 4","2","234","yes","Crear desde cero"
"content","/tu-pregunta-donde-puedo-conseguir-un-masaje-en-sims-4/","","/fundamentos-de-enfermeria/","concept-explainer","P3","Wave 4","2","13","yes","Crear desde cero"
"content","/diferencia-entre-area-de-salud-y-zona-basica-enfermeria/","","/fundamentos-de-enfermeria/","concept-explainer","P3","Wave 4","2","340","yes","Crear desde cero"
"content","/prerrequisitos-de-la-escuela-de-enfermeria/","","/carrera-en-enfermeria/","career-guide","P3","Wave 4","2","87","yes","Reescribir desde legacy util"
"content","/diabetes-mellitus-tipo-1-y-2-cuidados-de-enfermeria/","","/cuidados/","clinical-care-guide","P3","Wave 4","2","79","yes","Crear desde cero"
"content","/enfermera-de-la-marina/","","/fundamentos-de-enfermeria/","concept-explainer","P3","Wave 4","2","65","yes","Reescribir desde legacy util"
"content","/paginas-onlineplanes-de-cuidados-de-enfermeria/","","/cuidados/","clinical-care-guide","P3","Wave 4","2","45","yes","Crear desde cero"
"content","/como-pasar-nclex-por-primera-vez/","","/fundamentos-de-enfermeria/","concept-explainer","P3","Wave 4","2","105","yes","Reescribir desde legacy util"
"content","/pregunta-cuanto-tiempo-duran-las-gotas-homeopaticas/","","/fundamentos-de-enfermeria/","concept-explainer","P3","Wave 4","2","20","yes","Crear desde cero"
"content","/como-se-drena-el-liquido-de-los-oidos-despues-del-masaje/","","/fundamentos-de-enfermeria/","concept-explainer","P3","Wave 4","2","15","yes","Crear desde cero"
"content","/que-son-las-camas-de-hidromasaje/","","/fundamentos-de-enfermeria/","concept-explainer","P3","Wave 4","2","24","yes","Crear desde cero"
"content","/farmacia-tecnico-pros-y-contras/","","/fundamentos-de-enfermeria/","concept-explainer","P3","Wave 4","2","30","yes","Reescribir desde legacy util"
"content","/tecnica-ecoguiada-enfermeria-angie/","","/tecnicas-y-procedimientos/","procedure-guide","P3","Wave 4","2","33","yes","Crear desde cero"
"content","/tromboflebitis-cuidados-de-enfermeria/","","/cuidados/","clinical-care-guide","P3","Wave 4","2","56","yes","Crear desde cero"
"content","/cuales-son-los-5-movimientos-basicos-del-masaje/","","/fundamentos-de-enfermeria/","concept-explainer","P3","Wave 4","2","142","yes","Crear desde cero"
"content","/puncion-transparietohepatica-cuidados-de-enfermeria/","","/cuidados/","clinical-care-guide","P3","Wave 4","2","24","yes","Crear desde cero"
"content","/pregunta-frecuente-donde-esta-el-punto-de-acupuntura-li4/","","/fundamentos-de-enfermeria/","concept-explainer","P3","Wave 4","2","238","yes","Crear desde cero"
"content","/cuidados-postoperatorios-de-enfermeria-bano/","","/cuidados/","clinical-care-guide","P3","Wave 4","2","45","yes","Crear desde cero"
"content","/postectomia-cuidados-de-enfermeria/","","/cuidados/","clinical-care-guide","P3","Wave 4","2","235","yes","Crear desde cero"
"content","/tu-pregunta-se-puede-hacer-acupuntura-a-traves-de-la-ropa/","","/fundamentos-de-enfermeria/","concept-explainer","P3","Wave 4","2","6","yes","Crear desde cero"
"content","/fimosis-cuidados-de-enfermeria/","","/cuidados/","clinical-care-guide","P3","Wave 4","2","70","yes","Crear desde cero"
"content","/es-la-quiropractica-una-nueva-era/","","/fundamentos-de-enfermeria/","concept-explainer","P3","Wave 4","2","5","yes","Crear desde cero"
"content","/revisiones-tecnicas-de-enfermeria/","","/tecnicas-y-procedimientos/","procedure-guide","P3","Wave 4","2","83","yes","Crear desde cero"
"content","/ptosis-renal-cuidados-de-enfermeria/","","/cuidados/","clinical-care-guide","P3","Wave 4","2","424","yes","Crear desde cero"
"content","/10-diferencias-entre-un-hospital-publico-sin-fines-de-lucro-y-un-hospital-privado-corporativo-con-fines-de-lucro/","","/fundamentos-de-enfermeria/","concept-explainer","P3","Wave 4","2","38","yes","Crear desde cero"
"content","/los-fisioterapeutas-usan-estetoscopios/","","/fundamentos-de-enfermeria/","concept-explainer","P3","Wave 4","2","10","yes","Crear desde cero"
"content","/lesions-musculoesqueletiques-en-la-actividad-de-auxiliar-de-enfermeria/","","/carrera-en-enfermeria/","career-guide","P3","Wave 4","2","41","yes","Crear desde cero"
"content","/las-mejores-escuelas-de-enfermeria-historicamente-negras/","","/fundamentos-de-enfermeria/","concept-explainer","P3","Wave 4","2","2","yes","Reescribir desde legacy util"
"content","/como-me-convierto-en-masajista-en-arizona/","","/fundamentos-de-enfermeria/","concept-explainer","P3","Wave 4","2","3","yes","Crear desde cero"
"content","/cuidados-de-enfermeria-en-pacientes-con-impella/","","/cuidados/","clinical-care-guide","P3","Wave 4","2","190","yes","Crear desde cero"
"content","/usted-pregunto-que-hace-el-masaje-carotideo/","","/fundamentos-de-enfermeria/","concept-explainer","P3","Wave 4","2","205","yes","Crear desde cero"
"content","/aspectos-legales-para-trabajar-de-auxiliar-de-enfermeria/","","/carrera-en-enfermeria/","career-guide","P3","Wave 4","2","47","yes","Crear desde cero"
"content","/quien-es-el-mejor-fisioterapeuta/","","/fundamentos-de-enfermeria/","concept-explainer","P3","Wave 4","2","46","yes","Crear desde cero"
"content","/para-que-se-utiliza-el-gelsemium-en-homeopatia/","","/fundamentos-de-enfermeria/","concept-explainer","P3","Wave 4","2","64","yes","Crear desde cero"
"content","/como-abordar-el-patron-de-la-sexualidad-enfermeria-salud-mental/","","/fundamentos-de-enfermeria/","concept-explainer","P3","Wave 4","2","54","yes","Crear desde cero"
"content","/trabajar-de-auxiliar-de-enfermeria-sin-titulo/","","/carrera-en-enfermeria/","career-guide","P3","Wave 4","2","30","yes","Crear desde cero"
"content","/frases-de-auxiliar-de-enfermeria-escritas-en-un-llavero/","","/carrera-en-enfermeria/","career-guide","P3","Wave 4","2","88","yes","Crear desde cero"
"content","/valoracion-y-cuidados-de-enfermeria-en-la-adolescencia/","","/cuidados/","clinical-care-guide","P3","Wave 4","2","68","yes","Crear desde cero"
"content","/auxiliar-de-enfermeria-pruebas-libres-online/","","/carrera-en-enfermeria/","career-guide","P3","Wave 4","2","25","yes","Crear desde cero"
"content","/tipos-de-trabajadores-sociales/","","/fundamentos-de-enfermeria/","concept-explainer","P3","Wave 4","2","65","yes","Reescribir desde legacy util"
"content","/cuales-son-los-tipos-de-auxiliar-de-enfermeria/","","/carrera-en-enfermeria/","career-guide","P3","Wave 4","2","25","yes","Crear desde cero"
"content","/por-que-no-hacer-ejercicio-despues-de-un-masaje/","","/fundamentos-de-enfermeria/","concept-explainer","P3","Wave 4","2","18","yes","Crear desde cero"
"content","/ramsay-hunt-plan-de-cuidados-de-enfermeria/","","/cuidados/","clinical-care-guide","P3","Wave 4","2","5","yes","Crear desde cero"
"content","/cuidados-de-enfermeria-durante-pericardiocentesis/","","/cuidados/","clinical-care-guide","P3","Wave 4","2","36","yes","Crear desde cero"
"content","/gastritis-cuidados-de-enfermeria/","","/cuidados/","clinical-care-guide","P3","Wave 4","2","173","yes","Crear desde cero"
"content","/psicologos-escolar-pros-y-contras/","","/fundamentos-de-enfermeria/","concept-explainer","P3","Wave 4","2","20","yes","Reescribir desde legacy util"
"content","/importancia-del-tecnico-de-enfermeria/","","/fundamentos-de-enfermeria/","concept-explainer","P3","Wave 4","2","109","yes","Crear desde cero"
"content","/capacitacion-enfermeria-cuidados-paliativos-medicina-paliativa/","","/cuidados/","clinical-care-guide","P3","Wave 4","2","32","yes","Crear desde cero"
"content","/enfermeria-en-salud-mental/","","/fundamentos-de-enfermeria/","concept-explainer","P3","Wave 4","2","51","yes","Crear desde cero"
"content","/plan-de-cuidados-de-enfermeria-en-pacientes-con-adicciones/","","/planes-de-cuidados/","care-plan-guide","P3","Wave 4","2","38","yes","Crear desde cero"
"content","/cateter-umbilical-cuidados-de-enfermeria/","","/cuidados/","clinical-care-guide","P3","Wave 4","2","28","yes","Crear desde cero"
"content","/cuidados-de-enfermeria-al-ingreso-del-paciente/","","/cuidados/","clinical-care-guide","P3","Wave 4","2","88","yes","Crear desde cero"
"content","/posiciones-quirurgicas-cuidados-de-enfermeria-y-prevencion-de-complicaciones/","","/cuidados/","clinical-care-guide","P3","Wave 4","2","61","yes","Crear desde cero"
"content","/plan-de-cuidados-de-enfermeria-embarazo/","","/planes-de-cuidados/","care-plan-guide","P3","Wave 4","2","53","yes","Crear desde cero"
"content","/cuidados-de-enfermeria-en-pacientes-nefrologicos/","","/cuidados/","clinical-care-guide","P3","Wave 4","2","24","yes","Crear desde cero"
"content","/auxiliar-de-enfermeria-que-grupo-de-cotizacion-es/","","/carrera-en-enfermeria/","career-guide","P3","Wave 4","2","10","yes","Crear desde cero"
"content","/cuidados-de-enfermeria-despues-de-una-cesarea/","","/cuidados/","clinical-care-guide","P3","Wave 4","2","10","yes","Crear desde cero"
"content","/cuidado-de-enfermeris-psiquiatria/","","/fundamentos-de-enfermeria/","concept-explainer","P3","Wave 4","2","9","yes","Crear desde cero"
"content","/oxigenoterapia-neonatal-cuidados-de-enfermeria/","","/cuidados/","clinical-care-guide","P3","Wave 4","2","24","yes","Crear desde cero"
"content","/cateter-venoso-central-cuidados-de-enfermeria-uc/","","/cuidados/","clinical-care-guide","P3","Wave 4","2","19","yes","Crear desde cero"
"content","/cuidados-de-enfermeria-post-apendicectomia/","","/cuidados/","clinical-care-guide","P3","Wave 4","2","11","yes","Crear desde cero"
"content","/importancia-de-la-promocion-de-la-salud-en-enfermeria/","","/fundamentos-de-enfermeria/","concept-explainer","P3","Wave 4","2","115","yes","Crear desde cero"
"content","/respuesta-rapida-cual-es-el-significado-de-3x-en-homeopatia/","","/fundamentos-de-enfermeria/","concept-explainer","P3","Wave 4","2","58","yes","Crear desde cero"
"content","/pregunta-frecuente-tengo-que-desvestirme-para-el-quiropractico/","","/fundamentos-de-enfermeria/","concept-explainer","P3","Wave 4","2","33","yes","Crear desde cero"
"content","/does-aarp-united-healthcare-cover-massage-therapy/","","/fundamentos-de-enfermeria/","concept-explainer","P3","Wave 4","2","28","yes","Crear desde cero"
"content","/cursos-auxiliar-de-enfermeria-on-line-gratis/","","/carrera-en-enfermeria/","career-guide","P3","Wave 4","2","162","yes","Crear desde cero"
"content","/puede-ayurveda-curar-el-liquen-plano/","","/fundamentos-de-enfermeria/","concept-explainer","P3","Wave 4","2","121","yes","Crear desde cero"
"content","/enalapril-vademecum-cuidados-de-enfermeria/","","/cuidados/","clinical-care-guide","P3","Wave 4","2","84","yes","Crear desde cero"
"content","/modelo-contrato-auxiliar-de-enfermeria-word/","","/carrera-en-enfermeria/","career-guide","P3","Wave 4","2","16","yes","Crear desde cero"
"content","/alba-nerin-auxiliar-enfermeria-mutua-terrassa/","","/fundamentos-de-enfermeria/","concept-explainer","P3","Wave 4","2","5","yes","Crear desde cero"
"content","/marasmo-cuidados-de-enfermeria/","","/cuidados/","clinical-care-guide","P3","Wave 4","2","4","yes","Crear desde cero"
"content","/curso-fuden-tablon-en-blanco-cuidados-de-enfermeria-en-urgenciaw/","","/cuidados/","clinical-care-guide","P3","Wave 4","2","194","yes","Crear desde cero"
"content","/enfermeria-salud-sexual-i-reproductiva/","","/fundamentos-de-enfermeria/","concept-explainer","P3","Wave 4","2","11","yes","Crear desde cero"
"content","/definicion-de-auxiliar-de-enfermeria-en-guatemala/","","/carrera-en-enfermeria/","career-guide","P3","Wave 4","2","11","yes","Crear desde cero"
"content","/cuanto-gana-el-fisioterapeuta-al-mes-en-sudafrica/","","/fundamentos-de-enfermeria/","concept-explainer","P3","Wave 4","2","6","yes","Crear desde cero"
"content","/competencias-y-habilidades-de-auxiliar-de-enfermeria/","","/carrera-en-enfermeria/","career-guide","P3","Wave 4","2","9","yes","Crear desde cero"
"content","/puedo-ir-al-gimnasio-despues-de-la-acupuntura/","","/fundamentos-de-enfermeria/","concept-explainer","P3","Wave 4","2","14","yes","Crear desde cero"
"content","/cuidando-enfermeria/","","/fundamentos-de-enfermeria/","concept-explainer","P3","Wave 4","2","242","yes","Crear desde cero"
"content","/pregunta-frecuente-que-ropa-lleva-un-fisioterapeuta/","","/fundamentos-de-enfermeria/","concept-explainer","P3","Wave 4","2","18","yes","Crear desde cero"
"content","/microtia-cuidados-de-enfermeria/","","/cuidados/","clinical-care-guide","P3","Wave 4","2","12","yes","Crear desde cero"
"content","/que-medicamentos-puede-recetar-un-naturopata/","","/fundamentos-de-enfermeria/","concept-explainer","P3","Wave 4","2","12","yes","Crear desde cero"
"content","/angina-inestable-cuidados-de-enfermeria-que-es/","","/cuidados/","clinical-care-guide","P3","Wave 4","2","47","yes","Crear desde cero"
"content","/cuidados-enfermeria-itu-pediatrica/","","/cuidados/","clinical-care-guide","P3","Wave 4","2","40","yes","Crear desde cero"
"content","/tbe-auxiliar-de-enfermeria/","","/carrera-en-enfermeria/","career-guide","P3","Wave 4","2","31","yes","Crear desde cero"
"content","/las-clases-mas-dificiles-en-la-escuela-de-enfermeria/","","/carrera-en-enfermeria/","career-guide","P3","Wave 4","2","28","yes","Reescribir desde legacy util"
"content","/es-dificil-ser-fisioterapeuta/","","/fundamentos-de-enfermeria/","concept-explainer","P3","Wave 4","2","51","yes","Crear desde cero"
"content","/que-significa-cuando-te-salen-moretones-despues-de-la-acupuntura/","","/fundamentos-de-enfermeria/","concept-explainer","P3","Wave 4","2","24","yes","Crear desde cero"
"content","/tu-pregunta-la-acupuntura-puede-regenerar-los-nervios/","","/fundamentos-de-enfermeria/","concept-explainer","P3","Wave 4","2","5","yes","Crear desde cero"
"content","/cuanto-dinero-gana-un-quiropractico-al-ano-en-canada/","","/fundamentos-de-enfermeria/","concept-explainer","P3","Wave 4","2","2","yes","Crear desde cero"
"content","/cuanto-tiempo-debe-durar-una-sesion-de-quiropractica/","","/fundamentos-de-enfermeria/","concept-explainer","P3","Wave 4","2","29","yes","Crear desde cero"
"content","/planificacion-de-cuidados-de-auxiliar-enfermeria-paciente-con-ictus/","","/fundamentos-de-enfermeria/","concept-explainer","P3","Wave 4","2","4","yes","Crear desde cero"
"content","/proceso-enfermeria-cuidados-bypass-preoperatorio/","","/fundamentos-de-enfermeria/","concept-explainer","P3","Wave 4","2","2","yes","Crear desde cero"
"content","/cuidados-de-enfermeria-en-fracturas/","","/cuidados/","clinical-care-guide","P3","Wave 4","2","2","yes","Crear desde cero"
"content","/como-homologar-el-titulo-de-auxiliar-de-enfermeria-en-espana/","","/carrera-en-enfermeria/","career-guide","P3","Wave 4","2","9","yes","Crear desde cero"
"content","/vasectomia-tecnica-quirurgica-enfermeria/","","/tecnicas-y-procedimientos/","procedure-guide","P3","Wave 4","2","9","yes","Crear desde cero"
"content","/cuidados-de-enfermeria-en-paciente-con-colostomia/","","/cuidados/","clinical-care-guide","P3","Wave 4","2","6","yes","Crear desde cero"
"content","/metamizol-vademecum-cuidados-de-enfermeria/","","/cuidados/","clinical-care-guide","P3","Wave 4","2","2","yes","Crear desde cero"
"content","/convocatoria-auxiliar-de-enfermeria-andaliucia/","","/carrera-en-enfermeria/","career-guide","P3","Wave 4","2","17","yes","Crear desde cero"
"content","/primer-dia-de-enfermera-practicante/","","/carrera-en-enfermeria/","career-guide","P3","Wave 4","2","39","yes","Reescribir desde legacy util"
"content","/crucero/","","/fundamentos-de-enfermeria/","concept-explainer","P3","Wave 4","2","31","yes","Reescribir desde legacy util"
"content","/cuidados-de-la-laparotomia-auxiliar-de-enfermeria/","","/carrera-en-enfermeria/","career-guide","P3","Wave 4","2","2","yes","Crear desde cero"
"content","/enfermera-de-la-ucin/","","/fundamentos-de-enfermeria/","concept-explainer","P3","Wave 4","2","17","yes","Reescribir desde legacy util"
"content","/cuidados-de-enfermeria-paciente-con-gastrectomia/","","/cuidados/","clinical-care-guide","P3","Wave 4","2","70","yes","Crear desde cero"
